,Function Name,Parameters,Source File,Line Number
170,AchievementFrame_OnAchievementLinkedInChat,achievementID,Blizzard_AchievementUI\Mainline\Blizzard_AchievementUI.lua,180
326,ExtraActionBar_OnShow,self,Blizzard_ActionBar\Cata\ExtraActionBar.lua,16
327,ExtraActionBar_OnHide,self,Blizzard_ActionBar\Cata\ExtraActionBar.lua,24
328,ExtraActionBar_OnEvent,"self, event, ...",Blizzard_ActionBar\Cata\ExtraActionBar.lua,28
440,ActionBarActionButtonMixin:SetOverlayGlowShown,show,Blizzard_ActionBar\Mainline\ActionButton.lua,885
441,ActionBarActionButtonMixin:EvaluateTutorials,"spellType, id",Blizzard_ActionBar\Mainline\ActionButton.lua,896
481,BaseActionButtonMixin:BaseActionButtonMixin_OnEnter,,Blizzard_ActionBar\Mainline\ActionButton.lua,1453
482,BaseActionButtonMixin:BaseActionButtonMixin_OnLeave,,Blizzard_ActionBar\Mainline\ActionButton.lua,1457
483,BaseActionButtonMixin:BaseActionButtonMixin_OnDragStart,,Blizzard_ActionBar\Mainline\ActionButton.lua,1461
487,ActionBarButtonMixin:ActionBarButtonMixin_OnLoad,,Blizzard_ActionBar\Mainline\ActionButton.lua,1515
488,ActionBarButtonMixin:ActionBarButtonMixin_OnEnter,,Blizzard_ActionBar\Mainline\ActionButton.lua,1520
489,ActionBarButtonMixin:ActionBarButtonMixin_OnLeave,,Blizzard_ActionBar\Mainline\ActionButton.lua,1525
490,ActionBarButtonMixin:ActionBarButtonMixin_OnDragStart,,Blizzard_ActionBar\Mainline\ActionButton.lua,1530
508,ActionBarActionButtonDerivedMixin:ActionBarActionButtonDerivedMixin_OnLoad,,Blizzard_ActionBar\Mainline\ActionButtonOverrides.lua,566
509,ActionBarActionButtonDerivedMixin:ActionBarActionButtonDerivedMixin_OnAttributeChanged,,Blizzard_ActionBar\Mainline\ActionButtonOverrides.lua,570
510,ActionBarActionButtonDerivedMixin:ActionBarActionButtonDerivedMixin_OnPostClick,,Blizzard_ActionBar\Mainline\ActionButtonOverrides.lua,583
511,ActionBarActionButtonDerivedMixin:ActionBarActionButtonDerivedMixin_OnEnter,,Blizzard_ActionBar\Mainline\ActionButtonOverrides.lua,599
512,ActionBarActionButtonDerivedMixin:ActionBarActionButtonDerivedMixin_OnLeave,,Blizzard_ActionBar\Mainline\ActionButtonOverrides.lua,604
513,ActionBarActionButtonDerivedMixin:ActionBarActionButtonDerivedMixin_OnShow,,Blizzard_ActionBar\Mainline\ActionButtonOverrides.lua,609
514,ActionBarActionButtonDerivedMixin:ActionBarActionButtonDerivedMixin_OnHide,,Blizzard_ActionBar\Mainline\ActionButtonOverrides.lua,614
528,ActionBarActionButtonDerivedMixin:ActionBarActionButtonDerivedMixin_OnEvent,"event, ...",Blizzard_ActionBar\Mainline\ActionButtonOverrides.lua,574
531,ActionBarActionButtonDerivedMixin:ActionBarActionButtonDerivedMixin_OnClick,"button, down",Blizzard_ActionBar\Mainline\ActionButtonOverrides.lua,578
532,ActionBarActionButtonDerivedMixin:ActionBarActionButtonDerivedMixin_OnDragStart,,Blizzard_ActionBar\Mainline\ActionButtonOverrides.lua,587
533,ActionBarActionButtonDerivedMixin:ActionBarActionButtonDerivedMixin_OnReceiveDrag,,Blizzard_ActionBar\Mainline\ActionButtonOverrides.lua,591
534,ActionBarActionButtonDerivedMixin:ActionBarActionButtonDerivedMixin_OnDragStop,,Blizzard_ActionBar\Mainline\ActionButtonOverrides.lua,595
799,MicroMenuMixin:UpdateScale,,Blizzard_ActionBar\Mainline\MainMenuBarMicroButtons.lua,1853
800,MicroMenuMixin:SetNormalScale,scale,Blizzard_ActionBar\Mainline\MainMenuBarMicroButtons.lua,1863
801,MicroMenuMixin:SetOverrideScale,overrideScale,Blizzard_ActionBar\Mainline\MainMenuBarMicroButtons.lua,1868
802,MicroMenuMixin:ClearOverrideScale,,Blizzard_ActionBar\Mainline\MainMenuBarMicroButtons.lua,1873
930,SpellFlyoutPopupButtonMixin:OnLoad,,Blizzard_ActionBar\Mainline\SpellFlyout.lua,10
931,SpellFlyoutPopupButtonMixin:OnClick,,Blizzard_ActionBar\Mainline\SpellFlyout.lua,16
932,SpellFlyoutPopupButtonMixin:OnDragStart,,Blizzard_ActionBar\Mainline\SpellFlyout.lua,60
933,SpellFlyoutPopupButtonMixin:SetTooltip,,Blizzard_ActionBar\Mainline\SpellFlyout.lua,68
934,SpellFlyoutPopupButtonMixin:OnLeave,,Blizzard_ActionBar\Mainline\SpellFlyout.lua,93
935,SpellFlyoutPopupButtonMixin:UpdateCooldown,,Blizzard_ActionBar\Mainline\SpellFlyout.lua,97
936,SpellFlyoutPopupButtonMixin:UpdateState,,Blizzard_ActionBar\Mainline\SpellFlyout.lua,101
937,SpellFlyoutPopupButtonMixin:UpdateUsable,,Blizzard_ActionBar\Mainline\SpellFlyout.lua,109
938,SpellFlyoutPopupButtonMixin:UpdateGlyphState,reason,Blizzard_ActionBar\Mainline\SpellFlyout.lua,122
939,SpellFlyoutPopupButtonMixin:UpdateCount,,Blizzard_ActionBar\Mainline\SpellFlyout.lua,146
940,SpellFlyoutMixin:OnLoad,,Blizzard_ActionBar\Mainline\SpellFlyout.lua,162
941,SpellFlyoutMixin:OnEvent,"event, ...",Blizzard_ActionBar\Mainline\SpellFlyout.lua,166
942,SpellFlyoutMixin:Toggle,"flyoutButton, flyoutID, isActionBar, specID, showFullTooltip, reason",Blizzard_ActionBar\Mainline\SpellFlyout.lua,219
943,SpellFlyoutMixin:CloseIfWorldMapMaximized,,Blizzard_ActionBar\Mainline\SpellFlyout.lua,337
944,SpellFlyoutMixin:OnShow,,Blizzard_ActionBar\Mainline\SpellFlyout.lua,343
945,SpellFlyoutMixin:OnHide,,Blizzard_ActionBar\Mainline\SpellFlyout.lua,359
946,SpellFlyoutMixin:GetFlyoutButtonForSpell,spellID,Blizzard_ActionBar\Mainline\SpellFlyout.lua,379
1058,AddonDialogMixin:OnLoad,,Blizzard_AddOnList\Mainline\AddonList.lua,74
1059,AddonDialogMixin:OnShow,,Blizzard_AddOnList\Mainline\AddonList.lua,82
1060,AddonDialogMixin:OnKeyDown,,Blizzard_AddOnList\Mainline\AddonList.lua,86
1069,AddonList_InitCategory,"entry, treeNode",Blizzard_AddOnList\Mainline\AddonList.lua,219
1070,AddonListMixin:OnLoad,,Blizzard_AddOnList\Mainline\AddonList.lua,230
1073,AddonList_InitAddon,"entry, treeNode",Blizzard_AddOnList\Mainline\AddonList.lua,349
1075,SortNodes,"aNode, bNode",Blizzard_AddOnList\Mainline\AddonList.lua,513
1086,AddonListMixin:OnShow,,Blizzard_AddOnList\Mainline\AddonList.lua,627
1087,AddonListMixin:OnHide,,Blizzard_AddOnList\Mainline\AddonList.lua,664
1088,AddonListMixin:OnUpdate,,Blizzard_AddOnList\Mainline\AddonList.lua,678
1089,FormatProfilerPercent,pct,Blizzard_AddOnList\Mainline\AddonList.lua,682
1090,AddonListMixin:GetAddonMetricPercent,"addonName, formatString, metric",Blizzard_AddOnList\Mainline\AddonList.lua,694
1091,AddonListMixin:GetOverallMetric,"formatString, metric",Blizzard_AddOnList\Mainline\AddonList.lua,715
1092,AddonListMixin:UpdateOverallMetric,"fontString, formatString, metric",Blizzard_AddOnList\Mainline\AddonList.lua,730
1093,AddonListMixin:UpdatePerformance,,Blizzard_AddOnList\Mainline\AddonList.lua,750
1098,AddonTooltip_AddAddonMetric,"tooltip, addon, label, metric, warningOnly",Blizzard_AddOnList\Mainline\AddonList.lua,819
1101,AddonCategoryCollapseExpandMixin:SetTreeNode,treeNode,Blizzard_AddOnList\Mainline\AddonList.lua,872
1102,AddonCategoryCollapseExpandMixin:OnClick,button,Blizzard_AddOnList\Mainline\AddonList.lua,876
1103,AddonCategoryCollapseExpandMixin:ToggleState,,Blizzard_AddOnList\Mainline\AddonList.lua,882
1104,AddonCategoryCollapseExpandMixin:UpdateState,,Blizzard_AddOnList\Mainline\AddonList.lua,888
1105,AddonListNodeMixin:OnClick,button,Blizzard_AddOnList\Mainline\AddonList.lua,899
1106,AddonListEntry_SetEnabled,"index, character, enabled",Blizzard_AddOnList\Mainline\AddonList.lua,940
1107,AddonListNodeMixin:SetEnabledAll,enabled,Blizzard_AddOnList\Mainline\AddonList.lua,952
1108,AddonListEntryMixin:OnLoad,,Blizzard_AddOnList\Mainline\AddonList.lua,971
1109,AddonListEntryMixin:SetEnabledDependencies,enabled,Blizzard_AddOnList\Mainline\AddonList.lua,1017
1110,AddOnPerformanceMixin:Init,,Blizzard_AddOnPerformance\AddOnPerformance.lua,30
1111,AddOnPerformanceMixin:DisplayMessage,msg,Blizzard_AddOnPerformance\AddOnPerformance.lua,37
1112,AddOnPerformanceMixin:CheckAndDisplayPerformanceMessage,,Blizzard_AddOnPerformance\AddOnPerformance.lua,50
1113,AddOnPerformanceMixin:AddOnHasPerformanceWarning,addOnName,Blizzard_AddOnPerformance\AddOnPerformance.lua,79
1594,AuctionHouseUtil.ApplyClassicBackgroundTexture,frame,Blizzard_AuctionHouseUI\Classic\Blizzard_AuctionHouseUtil.lua,111
1595,AuctionHouseUtil.ApplyClassicBackgroundOffset,frame,Blizzard_AuctionHouseUI\Classic\Blizzard_AuctionHouseUtil.lua,121
1596,AuctionHouseUtil.ApplyClassicScrollbarOffset,frame,Blizzard_AuctionHouseUI\Classic\Blizzard_AuctionHouseUtil.lua,130
2661,BarberShopMixin:RotateSubject,rotationAmount,Blizzard_BarbershopUI\Blizzard_BarberShopUI.lua,182
2662,BarberShopMixin:ResetSubjectRotation,,Blizzard_BarbershopUI\Blizzard_BarberShopUI.lua,186
3135,_CalendarFrame_TryShowEventFrameBlocker,frame,Blizzard_Calendar\Mainline\Blizzard_Calendar.lua,955
3777,CharacterCreateMixin:ResetSubjectRotation,"mode, instantRotate",Blizzard_CharacterCreate\Blizzard_CharacterCreate.lua,762
3780,CharacterCreateMixin:RotateSubject,rotationAmount,Blizzard_CharacterCreate\Blizzard_CharacterCreate.lua,774
3781,CharacterCreateMixin:RotateSubjectToTarget,"targetRotation, duration",Blizzard_CharacterCreate\Blizzard_CharacterCreate.lua,778
3782,CharacterCreateMixin:OnUpdateRotateSubjectToTarget,elapsed,Blizzard_CharacterCreate\Blizzard_CharacterCreate.lua,795
3799,CharacterCreateClassButtonMixin:GetDebugName,,Blizzard_CharacterCreate\Blizzard_CharacterCreate.lua,1052
3805,CharacterCreateRaceButtonMixin:GetDebugName,,Blizzard_CharacterCreate\Blizzard_CharacterCreate.lua,1165
3905,CharCustomizeCategoryButtonMixin:IsSelected,"categoryData, selectedCategoryID",Blizzard_CharacterCustomize\Blizzard_CharacterCustomize.lua,38
3913,CharCustomizeAlteredFormButtonMixin:GetDebugName,,Blizzard_CharacterCustomize\Blizzard_CharacterCustomize.lua,122
3930,CharCustomizeMixin:ProcessCategory,"categoryData, interactingOption, optionsToSetup",Blizzard_CharacterCustomize\Blizzard_CharacterCustomize.lua,303
3932,CharCustomizeMixin:UpdateOptionsContainer,,Blizzard_CharacterCustomize\Blizzard_CharacterCustomize.lua,336
3933,CharCustomizeMixin:UpdateCategoriesContainer,,Blizzard_CharacterCustomize\Blizzard_CharacterCustomize.lua,352
4352,GetAssertPFlagMessage,specialFlag,Blizzard_ChatFrameBase\Mainline\ChatFrame.lua,3723
4357,GetAssertOutMessageFormatKeyMessage,type,Blizzard_ChatFrameBase\Mainline\ChatFrame.lua,3786
4358,GetOutMessageFormatKey,type,Blizzard_ChatFrameBase\Mainline\ChatFrame.lua,3790
4410,ChatEdit_GetActiveChatType,,Blizzard_ChatFrameBase\Mainline\ChatFrame.lua,4814
4845,MountJournal_SetPendingMountChanges,isPending,Blizzard_Collections\Blizzard_MountCollection.lua,713
4846,MountJournal_GetPendingMountChanges,,Blizzard_Collections\Blizzard_MountCollection.lua,717
4886,MountJournalToggleDynamicFlightFlyoutButtonMixin:OnPopupToggled,,Blizzard_Collections\Blizzard_MountCollection.lua,1105
5016,WarbandSceneJounalMixin:OnLoad,,Blizzard_Collections\Blizzard_WarbandSceneCollection.lua,7
5017,WarbandSceneJounalMixin:OnShow,,Blizzard_Collections\Blizzard_WarbandSceneCollection.lua,35
5018,WarbandSceneJounalMixin:OnEvent,"event, ...",Blizzard_Collections\Blizzard_WarbandSceneCollection.lua,40
5019,WarbandSceneJounalMixin:SetupJournalEntries,,Blizzard_Collections\Blizzard_WarbandSceneCollection.lua,46
5020,WarbandSceneJounalMixin:SetJournalEntries,"entries, retainCurrentPage",Blizzard_Collections\Blizzard_WarbandSceneCollection.lua,52
5301,IsAllClassesSelected,,Blizzard_Collections\Wrath\Blizzard_HeirloomCollection.lua,127
5302,MountJournal_EvaluateListHelpTip,self,Blizzard_Collections\Wrath\Blizzard_MountCollection.lua,326
5303,MountJournalSummonRandomFavoriteButton_OnLoad,self,Blizzard_Collections\Wrath\Blizzard_MountCollection.lua,639
5304,MountJournalSummonRandomFavoriteButton_OnClick,self,Blizzard_Collections\Wrath\Blizzard_MountCollection.lua,648
5305,MountJournalSummonRandomFavoriteButton_OnDragStart,self,Blizzard_Collections\Wrath\Blizzard_MountCollection.lua,652
5306,MountJournalSummonRandomFavoriteButton_OnEnter,self,Blizzard_Collections\Wrath\Blizzard_MountCollection.lua,656
5307,PetJournalListItem_OnClick,"self, button",Blizzard_Collections\Wrath\Blizzard_PetCollection.lua,433
5308,PetJournalDragButton_OnEnter,self,Blizzard_Collections\Wrath\Blizzard_PetCollection.lua,459
5309,PetJournalDragButton_OnClick,"self, button",Blizzard_Collections\Wrath\Blizzard_PetCollection.lua,470
5310,PetJournalDragButton_OnDragStart,self,Blizzard_Collections\Wrath\Blizzard_PetCollection.lua,497
5311,PetJournalDragButton_OnEvent,"self, event, ...",Blizzard_Collections\Wrath\Blizzard_PetCollection.lua,509
5312,PetJournalSummonButton_OnClick,self,Blizzard_Collections\Wrath\Blizzard_PetCollection.lua,808
5370,CommandLineUtil.ScoreStrings,"searchText, otherString",Blizzard_CommandLineUtil\Blizzard_CommandLineUtil.lua,3
5371,CommandLineUtil.BinaryInsert,"t, value",Blizzard_CommandLineUtil\Blizzard_CommandLineUtil.lua,20
6194,CommunitiesGuildNewsFrame_OnHide,self,Blizzard_Communities\GuildNews.lua,54
6216,CommunitiesGuildRewardsFrameMixin:OnLoad,,Blizzard_Communities\GuildRewards.lua,65
6217,CommunitiesGuildRewardsFrameMixin:OnShow,,Blizzard_Communities\GuildRewards.lua,74
6218,CommunitiesGuildRewardsFrameMixin:OnHide,,Blizzard_Communities\GuildRewards.lua,81
6219,CommunitiesGuildRewardsFrameMixin:OnEvent,event,Blizzard_Communities\GuildRewards.lua,86
6220,CommunitiesGuildRewardsFrameMixin:Update,,Blizzard_Communities\GuildRewards.lua,90
6405,LeaveInstanceGroupButtonMixin:OnUpdate,,Blizzard_CompactRaidFrames\Blizzard_CompactRaidFrameManager.lua,1367
6749,CustomizationAudioInterfaceMixin:OnEvent,"event, ...",Blizzard_CustomizationUI\Blizzard_CustomizationAudioInterface.lua,9
6750,CustomizationAudioInterfaceMixin:SetupAudio,soundKit,Blizzard_CustomizationUI\Blizzard_CustomizationAudioInterface.lua,18
6751,CustomizationAudioInterfaceMixin:IsPlaying,,Blizzard_CustomizationUI\Blizzard_CustomizationAudioInterface.lua,31
6752,CustomizationAudioInterfaceMixin:PlayAudioInternal,,Blizzard_CustomizationUI\Blizzard_CustomizationAudioInterface.lua,35
6753,CustomizationAudioInterfaceMixin:PlayAudio,soundKit,Blizzard_CustomizationUI\Blizzard_CustomizationAudioInterface.lua,42
6754,CustomizationAudioInterfaceMixin:StopAudio,,Blizzard_CustomizationUI\Blizzard_CustomizationAudioInterface.lua,64
6755,CustomizationAudioInterfaceMixin:OnPlaybackFinished,,Blizzard_CustomizationUI\Blizzard_CustomizationAudioInterface.lua,84
6756,CustomizationAudioInterfaceMixin:CheckResumePlayback,,Blizzard_CustomizationUI\Blizzard_CustomizationAudioInterface.lua,94
6757,CustomizationAudioInterfaceMixin:OnAudioPlayingTick,,Blizzard_CustomizationUI\Blizzard_CustomizationAudioInterface.lua,102
6758,CustomizationAudioInterfacePlayButtonMixin:CustomizationAudioInterfacePlayButton_OnLoad,,Blizzard_CustomizationUI\Blizzard_CustomizationAudioInterface.lua,110
6759,CustomizationAudioInterfacePlayButtonMixin:OnClick,,Blizzard_CustomizationUI\Blizzard_CustomizationAudioInterface.lua,116
6760,CustomizationAudioInterfacePlayButtonMixin:GetStateTextures,,Blizzard_CustomizationUI\Blizzard_CustomizationAudioInterface.lua,125
6761,CustomizationAudioInterfacePlayButtonMixin:UpdateState,,Blizzard_CustomizationUI\Blizzard_CustomizationAudioInterface.lua,134
6762,CustomizationAudioInterfaceMuteButtonMixin:CustomizationAudioInterfaceMuteButton_OnLoad,,Blizzard_CustomizationUI\Blizzard_CustomizationAudioInterface.lua,146
6763,CustomizationAudioInterfaceMuteButtonMixin:GetStateTextures,,Blizzard_CustomizationUI\Blizzard_CustomizationAudioInterface.lua,155
6764,CustomizationAudioInterfaceMuteButtonMixin:UpdateState,,Blizzard_CustomizationUI\Blizzard_CustomizationAudioInterface.lua,163
6765,CustomizationAudioInterfaceMuteButtonMixin:OnClick,,Blizzard_CustomizationUI\Blizzard_CustomizationAudioInterface.lua,174
6766,CustomizationAudioInterfaceMuteButtonMixin:OnPulseAnimPlay,,Blizzard_CustomizationUI\Blizzard_CustomizationAudioInterface.lua,190
6767,CustomizationAudioInterfaceMuteButtonMixin:OnPulseAnimLoop,,Blizzard_CustomizationUI\Blizzard_CustomizationAudioInterface.lua,194
6768,CustomizationOptionFrameBaseMixin:SetupOption,optionData,Blizzard_CustomizationUI\Blizzard_CustomizationOptionTemplates.lua,5
6769,CustomizationOptionFrameBaseMixin:SetOptionData,optionData,Blizzard_CustomizationUI\Blizzard_CustomizationOptionTemplates.lua,10
6770,CustomizationOptionFrameBaseMixin:GetOptionData,,Blizzard_CustomizationUI\Blizzard_CustomizationOptionTemplates.lua,14
6771,CustomizationOptionFrameBaseMixin:RefreshOption,,Blizzard_CustomizationUI\Blizzard_CustomizationOptionTemplates.lua,18
6772,CustomizationOptionFrameBaseMixin:GetCurrentChoiceIndex,,Blizzard_CustomizationUI\Blizzard_CustomizationOptionTemplates.lua,22
6773,CustomizationOptionFrameBaseMixin:HasChoice,,Blizzard_CustomizationUI\Blizzard_CustomizationOptionTemplates.lua,26
6774,CustomizationOptionFrameBaseMixin:GetChoice,index,Blizzard_CustomizationUI\Blizzard_CustomizationOptionTemplates.lua,30
6775,CustomizationOptionFrameBaseMixin:GetCurrentChoice,,Blizzard_CustomizationUI\Blizzard_CustomizationOptionTemplates.lua,36
6776,CustomizationOptionFrameBaseMixin:HasSound,,Blizzard_CustomizationUI\Blizzard_CustomizationOptionTemplates.lua,40
6777,CustomizationOptionFrameBaseMixin:GetSoundKit,entryOverride,Blizzard_CustomizationUI\Blizzard_CustomizationOptionTemplates.lua,44
6778,CustomizationOptionFrameBaseMixin:SetupAudio,audioInterface,Blizzard_CustomizationUI\Blizzard_CustomizationOptionTemplates.lua,57
6779,CustomizationOptionFrameBaseMixin:ShutdownAudio,,Blizzard_CustomizationUI\Blizzard_CustomizationOptionTemplates.lua,68
6780,CustomizationOptionFrameBaseMixin:GetAudioInterface,,Blizzard_CustomizationUI\Blizzard_CustomizationOptionTemplates.lua,77
6781,CustomizationOptionFrameBaseMixin:GetDebugName,,Blizzard_CustomizationUI\Blizzard_CustomizationOptionTemplates.lua,81
6782,CustomizationOptionSliderMixin:OnLoad,,Blizzard_CustomizationUI\Blizzard_CustomizationOptionTemplates.lua,94
6783,CustomizationOptionSliderMixin:SetupAnchors,tooltip,Blizzard_CustomizationUI\Blizzard_CustomizationOptionTemplates.lua,98
6784,CustomizationOptionSliderMixin:SetupOption,optionData,Blizzard_CustomizationUI\Blizzard_CustomizationOptionTemplates.lua,103
6785,CustomizationOptionSliderMixin:OnSliderValueChanged,"value, userInput",Blizzard_CustomizationUI\Blizzard_CustomizationOptionTemplates.lua,113
6786,CustomizationOptionCheckButtonMixin:CustomizationOptionCheckButton_OnLoad,,Blizzard_CustomizationUI\Blizzard_CustomizationOptionTemplates.lua,154
6787,CustomizationOptionCheckButtonMixin:SetupOption,optionData,Blizzard_CustomizationUI\Blizzard_CustomizationOptionTemplates.lua,160
6788,CustomizationOptionCheckButtonMixin:OnCheckButtonClick,,Blizzard_CustomizationUI\Blizzard_CustomizationOptionTemplates.lua,176
6789,CustomizationDropdownWithSteppersAndLabelMixin:OnLoad,,Blizzard_CustomizationUI\Blizzard_CustomizationOptionTemplates.lua,198
6790,CustomizationDropdownWithSteppersAndLabelMixin:SetupAnchors,tooltip,Blizzard_CustomizationUI\Blizzard_CustomizationOptionTemplates.lua,208
6793,CustomizationDropdownWithSteppersAndLabelMixin:SetupOption,optionData,Blizzard_CustomizationUI\Blizzard_CustomizationOptionTemplates.lua,232
6798,CustomizationDropdownWithSteppersAndLabelMixin:GetOrCreateWarningTexture,enabled,Blizzard_CustomizationUI\Blizzard_CustomizationOptionTemplates.lua,433
6799,CustomizationDropdownWithSteppersAndLabelMixin:GetWarningTexture,,Blizzard_CustomizationUI\Blizzard_CustomizationOptionTemplates.lua,443
6800,CustomizationDropdownWithSteppersAndLabelMixin:SetMissingOptionWarningEnabled,externallyEnabled,Blizzard_CustomizationUI\Blizzard_CustomizationOptionTemplates.lua,447
6801,CustomizationDropdownElementDetailsMixin:GetTooltipText,,Blizzard_CustomizationUI\Blizzard_CustomizationOptionTemplates.lua,464
6802,CustomizationDropdownElementDetailsMixin:AdjustWidth,"multipleColumns, hasALockedChoice",Blizzard_CustomizationUI\Blizzard_CustomizationOptionTemplates.lua,477
6805,CustomizationDropdownElementDetailsMixin:GetFontColors,"choiceData, isSelected, hasAFailedReq",Blizzard_CustomizationUI\Blizzard_CustomizationOptionTemplates.lua,514
6806,CustomizationDropdownElementDetailsMixin:UpdateFontColors,"choiceData, isSelected, hasAFailedReq",Blizzard_CustomizationUI\Blizzard_CustomizationOptionTemplates.lua,529
6808,CustomizationDropdownElementDetailsMixin:SetShowAsNew,showAsNew,Blizzard_CustomizationUI\Blizzard_CustomizationOptionTemplates.lua,542
6809,CustomizationDropdownElementDetailsMixin:UpdateText,"choiceData, isSelected, hasAFailedReq, hideNumber, hasColors",Blizzard_CustomizationUI\Blizzard_CustomizationOptionTemplates.lua,558
6810,CustomizationDropdownElementDetailsMixin:Init,"choiceData, index, isSelected, hasAFailedReq, hasALockedChoice, clampNameSize",Blizzard_CustomizationUI\Blizzard_CustomizationOptionTemplates.lua,595
6811,CustomizationDropdownMixin:OnMouseDown,,Blizzard_CustomizationUI\Blizzard_CustomizationOptionTemplates.lua,683
6812,CustomizationDropdownMixin:OnMouseUp,,Blizzard_CustomizationUI\Blizzard_CustomizationOptionTemplates.lua,689
6813,CustomizationDropdownMixin:OnDisable,,Blizzard_CustomizationUI\Blizzard_CustomizationOptionTemplates.lua,696
6814,CustomizationDropdownElementMixin:OnLoad,,Blizzard_CustomizationUI\Blizzard_CustomizationOptionTemplates.lua,707
6815,CustomizationContentFrameMixin:SetCustomizationFrame,customizationFrame,Blizzard_CustomizationUI\Blizzard_CustomizationTemplates.lua,5
6816,CustomizationContentFrameMixin:GetCustomizationFrame,,Blizzard_CustomizationUI\Blizzard_CustomizationTemplates.lua,9
6817,CustomizationBaseButtonMixin:OnBaseButtonClick,,Blizzard_CustomizationUI\Blizzard_CustomizationTemplates.lua,17
6818,CustomizationFrameWithTooltipMixin:GetAppropriateTooltip,,Blizzard_CustomizationUI\Blizzard_CustomizationTemplates.lua,27
6819,CustomizationMaskedButtonMixin:GetAppropriateTooltip,,Blizzard_CustomizationUI\Blizzard_CustomizationTemplates.lua,34
6820,CustomizationFrameWithExpandableTooltipMixin:ClearTooltipLines,,Blizzard_CustomizationUI\Blizzard_CustomizationTemplates.lua,42
6821,CustomizationFrameWithExpandableTooltipMixin:AddExpandedTooltipFrame,frame,Blizzard_CustomizationUI\Blizzard_CustomizationTemplates.lua,48
6822,CustomizationFrameWithExpandableTooltipMixin:AddPostTooltipLine,"lineText, lineColor",Blizzard_CustomizationUI\Blizzard_CustomizationTemplates.lua,52
6823,CustomizationFrameWithExpandableTooltipMixin:AddExtraStuffToTooltip,,Blizzard_CustomizationUI\Blizzard_CustomizationTemplates.lua,60
6824,CustomizationFrameWithExpandableTooltipMixin:OnMouseUp,button,Blizzard_CustomizationUI\Blizzard_CustomizationTemplates.lua,84
6825,CustomizationSmallButtonMixin:OnLoad,,Blizzard_CustomizationUI\Blizzard_CustomizationTemplates.lua,98
6826,CustomizationSmallButtonMixin:OnMouseDown,,Blizzard_CustomizationUI\Blizzard_CustomizationTemplates.lua,104
6827,CustomizationSmallButtonMixin:OnMouseUp,,Blizzard_CustomizationUI\Blizzard_CustomizationTemplates.lua,110
6828,CustomizationSmallButtonMixin:OnClick,,Blizzard_CustomizationUI\Blizzard_CustomizationTemplates.lua,114
6829,CustomizationClickOrHoldButtonMixin:OnHide,,Blizzard_CustomizationUI\Blizzard_CustomizationTemplates.lua,124
6830,CustomizationClickOrHoldButtonMixin:DoClickAction,,Blizzard_CustomizationUI\Blizzard_CustomizationTemplates.lua,129
6831,CustomizationClickOrHoldButtonMixin:DoHoldAction,elapsed,Blizzard_CustomizationUI\Blizzard_CustomizationTemplates.lua,132
6832,CustomizationClickOrHoldButtonMixin:OnClick,,Blizzard_CustomizationUI\Blizzard_CustomizationTemplates.lua,135
6833,CustomizationClickOrHoldButtonMixin:OnUpdate,elapsed,Blizzard_CustomizationUI\Blizzard_CustomizationTemplates.lua,143
6834,CustomizationClickOrHoldButtonMixin:OnMouseDown,,Blizzard_CustomizationUI\Blizzard_CustomizationTemplates.lua,159
6835,CustomizationClickOrHoldButtonMixin:OnMouseUp,,Blizzard_CustomizationUI\Blizzard_CustomizationTemplates.lua,166
6836,CustomizationParentFrameBaseMixin:SetCustomizationChoice,"optionID, choiceID",Blizzard_CustomizationUI\Blizzard_CustomizationUI.lua,5
6837,CustomizationParentFrameBaseMixin:PreviewCustomizationChoice,"optionID, choiceID",Blizzard_CustomizationUI\Blizzard_CustomizationUI.lua,10
6838,CustomizationParentFrameBaseMixin:ResetCustomizationPreview,clearSavedChoices,Blizzard_CustomizationUI\Blizzard_CustomizationUI.lua,15
6839,CustomizationParentFrameBaseMixin:MarkCustomizationChoiceAsSeen,choiceID,Blizzard_CustomizationUI\Blizzard_CustomizationUI.lua,20
6840,CustomizationParentFrameBaseMixin:MarkCustomizationOptionAsSeen,optionID,Blizzard_CustomizationUI\Blizzard_CustomizationUI.lua,25
6841,CustomizationParentFrameBaseMixin:GetCurrentCameraZoom,,Blizzard_CustomizationUI\Blizzard_CustomizationUI.lua,30
6842,CustomizationParentFrameBaseMixin:SetCameraZoomLevel,"zoomLevel, keepCustomZoom",Blizzard_CustomizationUI\Blizzard_CustomizationUI.lua,35
6843,CustomizationParentFrameBaseMixin:ZoomCamera,zoomAmount,Blizzard_CustomizationUI\Blizzard_CustomizationUI.lua,40
6844,CustomizationParentFrameBaseMixin:RotateSubject,rotationAmount,Blizzard_CustomizationUI\Blizzard_CustomizationUI.lua,45
6845,CustomizationParentFrameBaseMixin:ResetSubjectRotation,,Blizzard_CustomizationUI\Blizzard_CustomizationUI.lua,50
6846,CustomizationParentFrameBaseMixin:RandomizeAppearance,,Blizzard_CustomizationUI\Blizzard_CustomizationUI.lua,55
6847,CustomizationParentFrameBaseMixin:SetCameraDistanceOffset,offset,Blizzard_CustomizationUI\Blizzard_CustomizationUI.lua,60
6848,CustomizationParentFrameBaseMixin:OnButtonClick,,Blizzard_CustomizationUI\Blizzard_CustomizationUI.lua,64
6849,CustomizationRandomizeAppearanceButtonMixin:OnClick,,Blizzard_CustomizationUI\Blizzard_CustomizationUI.lua,75
6850,CustomizationResetCameraButtonMixin:OnClick,,Blizzard_CustomizationUI\Blizzard_CustomizationUI.lua,85
6851,CustomizationZoomButtonMixin:DoClickAction,,Blizzard_CustomizationUI\Blizzard_CustomizationUI.lua,96
6852,CustomizationZoomButtonMixin:DoHoldAction,elapsed,Blizzard_CustomizationUI\Blizzard_CustomizationUI.lua,100
6853,CustomizationRotateButtonMixin:DoClickAction,,Blizzard_CustomizationUI\Blizzard_CustomizationUI.lua,108
6854,CustomizationRotateButtonMixin:DoHoldAction,elapsed,Blizzard_CustomizationUI\Blizzard_CustomizationUI.lua,112
6855,CustomizationCategoryButtonMixin:SetCategory,"categoryData, selectedCategoryID",Blizzard_CustomizationUI\Blizzard_CustomizationUI.lua,120
6856,CustomizationCategoryButtonMixin:IsSelected,"categoryData, selectedCategoryID",Blizzard_CustomizationUI\Blizzard_CustomizationUI.lua,145
6857,CustomizationCategoryButtonMixin:OnClick,,Blizzard_CustomizationUI\Blizzard_CustomizationUI.lua,149
6858,CustomizationCategoryButtonMixin:GetDebugName,,Blizzard_CustomizationUI\Blizzard_CustomizationUI.lua,179
6859,CustomizationFrameBaseMixin:CustomizationFrameBase_OnLoad,,Blizzard_CustomizationUI\Blizzard_CustomizationUI.lua,187
6860,CustomizationFrameBaseMixin:OnEvent,"event, ...",Blizzard_CustomizationUI\Blizzard_CustomizationUI.lua,209
6861,CustomizationFrameBaseMixin:OnHide,,Blizzard_CustomizationUI\Blizzard_CustomizationUI.lua,221
6862,CustomizationFrameBaseMixin:AttachToParentFrame,parentFrame,Blizzard_CustomizationUI\Blizzard_CustomizationUI.lua,227
6863,CustomizationFrameBaseMixin:SetOptionsSpacingConfiguration,"topFrame, bottomFrame",Blizzard_CustomizationUI\Blizzard_CustomizationUI.lua,233
6864,CustomizationFrameBaseMixin:OnButtonClick,,Blizzard_CustomizationUI\Blizzard_CustomizationUI.lua,238
6865,CustomizationFrameBaseMixin:SetCustomizationChoice,"optionID, choiceID",Blizzard_CustomizationUI\Blizzard_CustomizationUI.lua,242
6866,CustomizationFrameBaseMixin:PreviewCustomizationChoice,"optionID, choiceID",Blizzard_CustomizationUI\Blizzard_CustomizationUI.lua,246
6867,CustomizationFrameBaseMixin:ResetCustomizationPreview,clearSavedChoices,Blizzard_CustomizationUI\Blizzard_CustomizationUI.lua,250
6868,CustomizationFrameBaseMixin:MarkCustomizationChoiceAsSeen,choiceID,Blizzard_CustomizationUI\Blizzard_CustomizationUI.lua,254
6869,CustomizationFrameBaseMixin:MarkCustomizationOptionAsSeen,optionID,Blizzard_CustomizationUI\Blizzard_CustomizationUI.lua,258
6870,CustomizationFrameBaseMixin:SaveSeenChoices,,Blizzard_CustomizationUI\Blizzard_CustomizationUI.lua,262
6871,CustomizationFrameBaseMixin:Reset,,Blizzard_CustomizationUI\Blizzard_CustomizationUI.lua,266
6872,CustomizationFrameBaseMixin:NeedsCategorySelected,,Blizzard_CustomizationUI\Blizzard_CustomizationUI.lua,271
6873,CustomizationFrameBaseMixin:NeedsSubcategorySelected,,Blizzard_CustomizationUI\Blizzard_CustomizationUI.lua,285
6874,CustomizationFrameBaseMixin:RefreshCustomizations,,Blizzard_CustomizationUI\Blizzard_CustomizationUI.lua,299
6875,CustomizationFrameBaseMixin:GetFirstValidSubcategory,,Blizzard_CustomizationUI\Blizzard_CustomizationUI.lua,306
6876,CustomizationFrameBaseMixin:GetFirstValidCategory,,Blizzard_CustomizationUI\Blizzard_CustomizationUI.lua,318
6877,CustomizationFrameBaseMixin:GetCategory,categoryIndex,Blizzard_CustomizationUI\Blizzard_CustomizationUI.lua,325
6878,CustomizationFrameBaseMixin:GetCategories,,Blizzard_CustomizationUI\Blizzard_CustomizationUI.lua,329
6879,CustomizationFrameBaseMixin:SetCustomizations,categories,Blizzard_CustomizationUI\Blizzard_CustomizationUI.lua,333
6880,CustomizationFrameBaseMixin:GetOptionPool,optionType,Blizzard_CustomizationUI\Blizzard_CustomizationUI.lua,359
6881,CustomizationFrameBaseMixin:GetCategoryPool,categoryData,Blizzard_CustomizationUI\Blizzard_CustomizationUI.lua,369
6882,CustomizationFrameBaseMixin:ReleaseNonDraggingSliders,,Blizzard_CustomizationUI\Blizzard_CustomizationUI.lua,375
6883,CustomizationFrameBaseMixin:ReleaseClosedDropdowns,,Blizzard_CustomizationUI\Blizzard_CustomizationUI.lua,396
6884,CustomizationFrameBaseMixin:ProcessCategory,"categoryData, interactingOption, optionsToSetup",Blizzard_CustomizationUI\Blizzard_CustomizationUI.lua,415
6885,CustomizationFrameBaseMixin:UpdateOptionButtons,forceReset,Blizzard_CustomizationUI\Blizzard_CustomizationUI.lua,469
6886,CustomizationFrameBaseMixin:UpdateOptionsContainer,,Blizzard_CustomizationUI\Blizzard_CustomizationUI.lua,514
6887,CustomizationFrameBaseMixin:UpdateCategoriesContainer,,Blizzard_CustomizationUI\Blizzard_CustomizationUI.lua,518
6888,CustomizationFrameBaseMixin:GetBestCategoryData,,Blizzard_CustomizationUI\Blizzard_CustomizationUI.lua,523
6889,CustomizationFrameBaseMixin:UpdateCameraDistanceOffset,,Blizzard_CustomizationUI\Blizzard_CustomizationUI.lua,532
6890,CustomizationFrameBaseMixin:UpdateZoomButtonStates,,Blizzard_CustomizationUI\Blizzard_CustomizationUI.lua,537
6891,CustomizationFrameBaseMixin:UpdateCameraMode,keepCustomZoom,Blizzard_CustomizationUI\Blizzard_CustomizationUI.lua,556
6892,CustomizationFrameBaseMixin:SetSelectedCategory,"categoryData, keepState",Blizzard_CustomizationUI\Blizzard_CustomizationUI.lua,562
6893,CustomizationFrameBaseMixin:SetSelectedSubcategory,"categoryData, keepState",Blizzard_CustomizationUI\Blizzard_CustomizationUI.lua,575
6894,CustomizationFrameBaseMixin:HasSelectedSubcategory,,Blizzard_CustomizationUI\Blizzard_CustomizationUI.lua,591
6895,CustomizationFrameBaseMixin:GetSelectedSubcategory,,Blizzard_CustomizationUI\Blizzard_CustomizationUI.lua,595
6896,CustomizationFrameBaseMixin:IsSelectedSubcategory,subcategoryData,Blizzard_CustomizationUI\Blizzard_CustomizationUI.lua,599
6897,CustomizationFrameBaseMixin:HasSelectedCategory,,Blizzard_CustomizationUI\Blizzard_CustomizationUI.lua,607
6898,CustomizationFrameBaseMixin:GetSelectedCategory,,Blizzard_CustomizationUI\Blizzard_CustomizationUI.lua,611
6899,CustomizationFrameBaseMixin:IsSelectedCategory,categoryData,Blizzard_CustomizationUI\Blizzard_CustomizationUI.lua,615
6900,CustomizationFrameBaseMixin:ResetSubjectRotation,,Blizzard_CustomizationUI\Blizzard_CustomizationUI.lua,624
6901,CustomizationFrameBaseMixin:OnMouseWheel,delta,Blizzard_CustomizationUI\Blizzard_CustomizationUI.lua,628
6902,CustomizationFrameBaseMixin:ZoomCamera,zoomAmount,Blizzard_CustomizationUI\Blizzard_CustomizationUI.lua,632
6903,CustomizationFrameBaseMixin:RotateSubject,rotationAmount,Blizzard_CustomizationUI\Blizzard_CustomizationUI.lua,637
6904,CustomizationFrameBaseMixin:RandomizeAppearance,,Blizzard_CustomizationUI\Blizzard_CustomizationUI.lua,641
6905,CustomizationFrameBaseMixin:ResetPreviewIfDirty,,Blizzard_CustomizationUI\Blizzard_CustomizationUI.lua,645
6906,CustomizationFrameBaseMixin:PreviewChoice,"optionData, choiceData",Blizzard_CustomizationUI\Blizzard_CustomizationUI.lua,652
6907,CustomizationFrameBaseMixin:OnUpdate,,Blizzard_CustomizationUI\Blizzard_CustomizationUI.lua,664
6908,CustomizationFrameBaseMixin:AddMissingOptions,,Blizzard_CustomizationUI\Blizzard_CustomizationUI.lua,668
6909,CustomizationFrameBaseMixin:AddMissingOption,"categoryIndex, optionIndex",Blizzard_CustomizationUI\Blizzard_CustomizationUI.lua,680
6910,CustomizationFrameBaseMixin:GetMissingOptions,,Blizzard_CustomizationUI\Blizzard_CustomizationUI.lua,688
6911,CustomizationFrameBaseMixin:HasMissingOptions,,Blizzard_CustomizationUI\Blizzard_CustomizationUI.lua,692
6912,CustomizationFrameBaseMixin:GetNextMissingOption,,Blizzard_CustomizationUI\Blizzard_CustomizationUI.lua,696
6913,CustomizationFrameBaseMixin:HighlightNextMissingOption,,Blizzard_CustomizationUI\Blizzard_CustomizationUI.lua,704
6914,CustomizationFrameBaseMixin:DisableMissingOptionWarnings,,Blizzard_CustomizationUI\Blizzard_CustomizationUI.lua,719
6915,CustomizationFrameBaseMixin:SetMissingOptionWarningEnabled,enabled,Blizzard_CustomizationUI\Blizzard_CustomizationUI.lua,723
6916,CustomizationFrameBaseMixin:ToggleTooltipsExpanded,,Blizzard_CustomizationUI\Blizzard_CustomizationUI.lua,727
6917,CustomizationFrameBaseMixin:GetTooltipsExpanded,,Blizzard_CustomizationUI\Blizzard_CustomizationUI.lua,731
6918,GetShouldShowDebugTooltipInfo,,Blizzard_CustomizationUI\Blizzard_CustomizationUtil.lua,1
6919,CustomizationUtil.UpdateShowDebugTooltipInfo,,Blizzard_CustomizationUI\Blizzard_CustomizationUtil.lua,8
6920,CustomizationUtil.ShouldShowDebugTooltipInfo,,Blizzard_CustomizationUI\Blizzard_CustomizationUtil.lua,12
7055,OptionNameSort,"opt1, opt2",Blizzard_DelvesCompanionConfiguration\Blizzard_DelvesCompanionAbilityList.lua,362
7071,DelvesCompanionConfigurationFrameMixin:TryShowSeasonHelptip,,Blizzard_DelvesCompanionConfiguration\Blizzard_DelvesCompanionConfiguration.lua,98
7094,SlotDataNameSort,"a, b",Blizzard_DelvesCompanionConfiguration\Blizzard_DelvesCompanionConfiguration.lua,547
7140,DelvesDifficultyPickerFrameMixin:CheckForNewTierUnlocks,,Blizzard_DelvesDifficultyPicker\Blizzard_DelvesDifficultyPicker.lua,115
7995,ShowRenownRewardsTooltip,"frame, factionID",Blizzard_EncounterJournal\Mainline\Blizzard_EncounterJournal.lua,1103
7996,ShowParagonRewardsTooltip,"frame, factionID",Blizzard_EncounterJournal\Mainline\Blizzard_EncounterJournal.lua,1112
7997,RefreshMajorFactionTooltip,"frame, factionID",Blizzard_EncounterJournal\Mainline\Blizzard_EncounterJournal.lua,1119
8375,FlyoutButtonMixin:OnLoad,,Blizzard_Flyout\Flyout.lua,9
8376,FlyoutButtonMixin:OnHide,,Blizzard_Flyout\Flyout.lua,19
8377,FlyoutButtonMixin:OnClick,,Blizzard_Flyout\Flyout.lua,23
8378,FlyoutButtonMixin:OnEnter,,Blizzard_Flyout\Flyout.lua,27
8379,FlyoutButtonMixin:OnLeave,,Blizzard_Flyout\Flyout.lua,31
8380,FlyoutButtonMixin:OnMouseDown,,Blizzard_Flyout\Flyout.lua,35
8381,FlyoutButtonMixin:OnMouseUp,,Blizzard_Flyout\Flyout.lua,39
8382,FlyoutButtonMixin:OnDragStart,,Blizzard_Flyout\Flyout.lua,43
8383,FlyoutButtonMixin:SetPopup,popup,Blizzard_Flyout\Flyout.lua,48
8384,FlyoutButtonMixin:ClearPopup,,Blizzard_Flyout\Flyout.lua,60
8385,FlyoutButtonMixin:GetPopup,,Blizzard_Flyout\Flyout.lua,72
8386,FlyoutButtonMixin:HasPopup,,Blizzard_Flyout\Flyout.lua,76
8387,FlyoutButtonMixin:GetPopupDirection,,Blizzard_Flyout\Flyout.lua,80
8388,FlyoutButtonMixin:IsPopupOpen,,Blizzard_Flyout\Flyout.lua,84
8389,FlyoutButtonMixin:TogglePopup,,Blizzard_Flyout\Flyout.lua,89
8390,FlyoutButtonMixin:ClosePopup,,Blizzard_Flyout\Flyout.lua,102
8391,FlyoutButtonMixin:OnPopupToggled,,Blizzard_Flyout\Flyout.lua,108
8392,FlyoutButtonMixin:OnPopupHidden,,Blizzard_Flyout\Flyout.lua,115
8393,FlyoutButtonMixin:OnButtonStateChanged,,Blizzard_Flyout\Flyout.lua,119
8394,FlyoutButtonMixin:UpdateArrowShown,,Blizzard_Flyout\Flyout.lua,124
8395,FlyoutButtonMixin:UpdateArrowPosition,,Blizzard_Flyout\Flyout.lua,129
8396,FlyoutButtonMixin:GetArrowRotation,,Blizzard_Flyout\Flyout.lua,146
8397,FlyoutButtonMixin:UpdateArrowRotation,,Blizzard_Flyout\Flyout.lua,168
8398,FlyoutButtonMixin:UpdateArrowTexture,,Blizzard_Flyout\Flyout.lua,173
8399,FlyoutButtonMixin:UpdateBorderShadow,,Blizzard_Flyout\Flyout.lua,184
8400,FlyoutPopupMixin:IsAttachedToButton,flyoutButton,Blizzard_Flyout\Flyout.lua,199
8401,FlyoutPopupMixin:AttachToButton,flyoutButton,Blizzard_Flyout\Flyout.lua,203
8402,FlyoutPopupMixin:DetatchFromButton,,Blizzard_Flyout\Flyout.lua,220
8403,FlyoutPopupMixin:Close,,Blizzard_Flyout\Flyout.lua,228
8404,FlyoutPopupMixin:GetDirection,,Blizzard_Flyout\Flyout.lua,234
8405,FlyoutPopupMixin:IsHorizontal,,Blizzard_Flyout\Flyout.lua,238
8406,FlyoutPopupMixin:GetCrossAxisSize,,Blizzard_Flyout\Flyout.lua,243
8407,FlyoutPopupMixin:UpdatePosition,,Blizzard_Flyout\Flyout.lua,247
8408,FlyoutPopupMixin:UpdateBackground,,Blizzard_Flyout\Flyout.lua,264
8409,FlyoutPopupMixin:SetBorderColor,"r, g, b",Blizzard_Flyout\Flyout.lua,322
8410,FlyoutPopupMixin:OnHide,,Blizzard_Flyout\Flyout.lua,329
8411,FlyoutPopupButtonMixin:SetPopup,popup,Blizzard_Flyout\Flyout.lua,344
8412,FlyoutPopupButtonMixin:GetPopup,,Blizzard_Flyout\Flyout.lua,349
8413,FlyoutPopupButtonMixin:ClosePopup,,Blizzard_Flyout\Flyout.lua,353
8414,FlyoutPopupButtonMixin:OnClick,,Blizzard_Flyout\Flyout.lua,359
9598,NewWarbandSceneAlertFrame_SetUp,"frame, warbandSceneID",Blizzard_FrameXML\Mainline\AlertFrameSystems.lua,1254
9599,NewWarbandSceneAlertFrameMixin:SetUp,warbandSceneID,Blizzard_FrameXML\Mainline\AlertFrameSystems.lua,1260
9600,NewWarbandSceneAlertFrameMixin:OnClick,"button, down",Blizzard_FrameXML\Mainline\AlertFrameSystems.lua,1268
9955,AreaPoiUtil.TryShowTooltip,"region, anchor, poiInfo, customFn",Blizzard_FrameXMLUtil\AreaPoiUtil.lua,3
9994,CollectionWardrobeUtil.AreAllSourcesDisplayableOnPlayer,sources,Blizzard_FrameXMLUtil\CollectionsUtil.lua,480
10114,RenownRewardUtil.AddMajorFactionLandingPageSummaryToTooltip,"tooltip, factionID, callback",Blizzard_FrameXMLUtil\RenownRewardUtil.lua,80
10309,ReputationUtil.TryAppendAccountReputationLineToTooltip,"tooltip, factionID",Blizzard_FrameXMLUtil\Mainline\ReputationUtil.lua,3
10310,ReputationUtil.AddParagonRewardsToTooltip,"tooltip, factionID",Blizzard_FrameXMLUtil\Mainline\ReputationUtil.lua,12
11729,GlueCollectionsMixin:OnShow,,Blizzard_GlueCollections\GlueCollections.lua,3
11730,GlueCollectionsMixin:OnHide,,Blizzard_GlueCollections\GlueCollections.lua,11
11731,GlueCollectionsMixin:OnKeyDown,key,Blizzard_GlueCollections\GlueCollections.lua,15
11732,WarbandSceneGlueEntryMixin:OnClick,button,Blizzard_GlueCollections\GlueWarbandSceneCollection.lua,3
11733,WarbandSceneGlueEntryMixin:Init,elementData,Blizzard_GlueCollections\GlueWarbandSceneCollection.lua,7
11734,WarbandSceneGlueEntryMixin:SetSelectedState,isSelected,Blizzard_GlueCollections\GlueWarbandSceneCollection.lua,13
11735,GlueWarbandSceneJounalMixin:OnLoad,,Blizzard_GlueCollections\GlueWarbandSceneCollection.lua,41
11736,OnCharacterSelectionUpdated,,Blizzard_GlueCollections\GlueWarbandSceneCollection.lua,71
11737,GlueWarbandSceneJounalMixin:OnShow,,Blizzard_GlueCollections\GlueWarbandSceneCollection.lua,79
11738,GlueWarbandSceneJounalMixin:OnEvent,"event, ...",Blizzard_GlueCollections\GlueWarbandSceneCollection.lua,89
11739,GlueWarbandSceneJounalMixin:SetupJournalDropdown,,Blizzard_GlueCollections\GlueWarbandSceneCollection.lua,95
11740,SetSelectedGroupInfo,"groupID, warbandSceneID",Blizzard_GlueCollections\GlueWarbandSceneCollection.lua,96
11741,GlueWarbandSceneJounalMixin:SetupJournalEntries,,Blizzard_GlueCollections\GlueWarbandSceneCollection.lua,147
11742,GlueWarbandSceneJounalMixin:SetJournalEntries,"entries, retainCurrentPage",Blizzard_GlueCollections\GlueWarbandSceneCollection.lua,159
11743,GlueWarbandSceneJounalMixin:UpdateWarbandScenes,,Blizzard_GlueCollections\GlueWarbandSceneCollection.lua,184
11744,GlueWarbandSceneJounalMixin:SelectWarbandScene,warbandSceneID,Blizzard_GlueCollections\GlueWarbandSceneCollection.lua,213
11745,GlueWarbandSceneJounalMixin:GetSelectedStateForEntry,warbandSceneID,Blizzard_GlueCollections\GlueWarbandSceneCollection.lua,227
11916,AccountLoginEditBox_OnKeyDown,"self, key",Blizzard_GlueXML\Mainline\AccountLogin.lua,145
12434,CinematicsMenuMixin:OnChar,key,Blizzard_GlueXML\Mainline\CinematicsMenu.lua,109
12511,OnCollectionsHide,,Blizzard_GlueXML\Mainline\CharacterSelect\CharacterSelectList.lua,57
12513,CharacterSelectListMixin:SetPendingGroupCreation,groupName,Blizzard_GlueXML\Mainline\CharacterSelect\CharacterSelectList.lua,119
12514,CharacterSelectListMixin:SetPendingGroupDeletion,groupID,Blizzard_GlueXML\Mainline\CharacterSelect\CharacterSelectList.lua,123
12515,CharacterSelectListMixin:SetPendingGroupSceneUpdate,"groupID, warbandSceneID, applyForAllGroups",Blizzard_GlueXML\Mainline\CharacterSelect\CharacterSelectList.lua,127
12516,CharacterSelectListMixin:ProcessPendingGroupActions,,Blizzard_GlueXML\Mainline\CharacterSelect\CharacterSelectList.lua,135
12530,CharacterSelectListMixin:SetAddGroupButtonEnabled,enabled,Blizzard_GlueXML\Mainline\CharacterSelect\CharacterSelectList.lua,502
12538,CharacterSelectListMixin:EvaluateHelptips,,Blizzard_GlueXML\Mainline\CharacterSelect\CharacterSelectList.lua,558
12558,CharacterSelectListGroupHeaderMixin:Init,elementData,Blizzard_GlueXML\Mainline\CharacterSelect\CharacterSelectListElements.lua,167
12630,PaidServiceButtonMixin:OnClick,,Blizzard_GlueXML\Mainline\CharacterSelect\CharacterSelectListElements.lua,1160
12631,PaidServiceButtonMixin:OnEnter,,Blizzard_GlueXML\Mainline\CharacterSelect\CharacterSelectListElements.lua,1183
12632,PaidServiceButtonMixin:OnLeave,,Blizzard_GlueXML\Mainline\CharacterSelect\CharacterSelectListElements.lua,1189
12667,CharacterSelectListUtil.GetGroupWarbandSceneInfo,,Blizzard_GlueXML\Mainline\CharacterSelect\CharacterSelectListUtil.lua,656
12668,CharacterSelectListUtil.GetTotalGroupCount,,Blizzard_GlueXML\Mainline\CharacterSelect\CharacterSelectListUtil.lua,672
12669,CharacterSelectListUtil.GetTotalGroupSlotCount,,Blizzard_GlueXML\Mainline\CharacterSelect\CharacterSelectListUtil.lua,682
12677,UpdateButtonStatesForCollections,enabledState,Blizzard_GlueXML\Mainline\CharacterSelect\CharacterSelectNavBar.lua,59
12678,ToggleCollections,,Blizzard_GlueXML\Mainline\CharacterSelect\CharacterSelectNavBar.lua,75
12693,CharacterSelectNavBarMixin:SetCampsButtonEnabled,enabled,Blizzard_GlueXML\Mainline\CharacterSelect\CharacterSelectNavBar.lua,334
12694,CharacterSelectNavBarMixin:EvaluateHelptips,,Blizzard_GlueXML\Mainline\CharacterSelect\CharacterSelectNavBar.lua,341
12705,OnCollectionsShow,,Blizzard_GlueXML\Mainline\CharacterSelect\CharacterSelectUI.lua,75
12713,CharacterSelectUIMixin:SetDisplay,"selectedElementData, selectedCharacterID",Blizzard_GlueXML\Mainline\CharacterSelect\CharacterSelectUI.lua,252
12723,CharacterSelectUIMixin:IsCollectionsActive,,Blizzard_GlueXML\Mainline\CharacterSelect\CharacterSelectUI.lua,474
12727,CharacterSelectUIMixin:SetEditCampEnabled,enabled,Blizzard_GlueXML\Mainline\CharacterSelect\CharacterSelectUI.lua,490
12747,CharacterListEditGroupFrameMixin:OnLoad,,Blizzard_GlueXML\Mainline\CharacterSelect\CharacterSelectUI.lua,714
12748,CharacterListEditGroupFrameMixin:OnShow,,Blizzard_GlueXML\Mainline\CharacterSelect\CharacterSelectUI.lua,743
12749,CharacterListEditGroupFrameMixin:OnHide,,Blizzard_GlueXML\Mainline\CharacterSelect\CharacterSelectUI.lua,747
12750,CharacterListEditGroupFrameMixin:OnAccept,,Blizzard_GlueXML\Mainline\CharacterSelect\CharacterSelectUI.lua,751
12751,CharacterListEditGroupFrameMixin:OnDelete,,Blizzard_GlueXML\Mainline\CharacterSelect\CharacterSelectUI.lua,764
12752,deleteGroupCallback,,Blizzard_GlueXML\Mainline\CharacterSelect\CharacterSelectUI.lua,765
12753,CharacterListEditGroupFrameMixin:ShowNewGroupFrame,,Blizzard_GlueXML\Mainline\CharacterSelect\CharacterSelectUI.lua,778
12754,CharacterListEditGroupFrameMixin:ShowEditGroupFrame,"groupID, groupName, isOnlyGroup",Blizzard_GlueXML\Mainline\CharacterSelect\CharacterSelectUI.lua,790
13061,LFGRewardFrameTemplateTitleMixin:OnLoad,,Blizzard_GroupFinder\Mainline\LFGFrame.lua,2335
13574,IslandsPartyPoseMixin:Dismiss,,Blizzard_IslandsPartyPoseUI\Blizzard_IslandsPartyPoseUI.lua,118
14051,MajorFactionUnlockToasts.GetSwirlEffectsByExpansion,expansion,Blizzard_MajorFactions\Blizzard_MajorFactionToasts.lua,10
14055,MajorFactionCelebrationBannerMixin:SetMajorFactionSwirlEffects,expansion,Blizzard_MajorFactions\Blizzard_MajorFactionToasts.lua,32
14088,MapCanvasMixin:AddPinToNudge,pin,Blizzard_MapCanvas\Blizzard_MapCanvas.lua,192
14089,MapCanvasMixin:IsPinNudgingDirty,,Blizzard_MapCanvas\Blizzard_MapCanvas.lua,196
14090,MapCanvasMixin:ExecuteOnPinsToNudge,"callbackAllPins, callbackSpecificPins, ...",Blizzard_MapCanvas\Blizzard_MapCanvas.lua,200
14091,MapCanvasMixin:MarkPinNudgingClean,,Blizzard_MapCanvas\Blizzard_MapCanvas.lua,208
14092,MapCanvasMixin:SetPinSuppressionDirty,,Blizzard_MapCanvas\Blizzard_MapCanvas.lua,213
14093,MapCanvasMixin:IsPinSuppressionDirty,,Blizzard_MapCanvas\Blizzard_MapCanvas.lua,217
14094,MapCanvasMixin:MarkPinSuppressionClean,,Blizzard_MapCanvas\Blizzard_MapCanvas.lua,221
14095,MapCanvasMixin:SetPinPostProcessDirty,,Blizzard_MapCanvas\Blizzard_MapCanvas.lua,225
14107,MapCanvasMixin:RegisterPin,pin,Blizzard_MapCanvas\Blizzard_MapCanvas.lua,370
14108,MapCanvasMixin:UnregisterPin,pin,Blizzard_MapCanvas\Blizzard_MapCanvas.lua,377
14109,MapCanvasMixin:GetPinSuppressors,,Blizzard_MapCanvas\Blizzard_MapCanvas.lua,384
14117,DoPinSuppression,"targetPin, mapCanvas",Blizzard_MapCanvas\Blizzard_MapCanvas.lua,458
14118,MapCanvasMixin:UpdatePinSuppression,,Blizzard_MapCanvas\Blizzard_MapCanvas.lua,472
14123,MapCanvasCalculatePinNudgingCallbackSpecificPins,"pinIndex, pin, mapCanvas",Blizzard_MapCanvas\Blizzard_MapCanvas.lua,549
14145,MapCanvasMixin:CallMethodOnDataProviders,"methodName, ...",Blizzard_MapCanvas\Blizzard_MapCanvas.lua,735
14251,MapCanvasDataProviderMixin:PingPin,"idKey, id, frameLevelType, numLoops",Blizzard_MapCanvas\MapCanvas_DataProviderBase.lua,108
14252,MapCanvasDataProviderMixin:UpdatePing,,Blizzard_MapCanvas\MapCanvas_DataProviderBase.lua,139
14253,MapCanvasDataProviderMixin:GetPingTargetPin,"idKey, id",Blizzard_MapCanvas\MapCanvas_DataProviderBase.lua,155
14321,MapCanvasPinMixin:IsPinSuppressor,,Blizzard_MapCanvas\MapCanvas_DataProviderBase.lua,576
14322,MapCanvasPinMixin:IsSuppressed,,Blizzard_MapCanvas\MapCanvas_DataProviderBase.lua,581
14323,MapCanvasPinMixin:SetSuppressed,suppressor,Blizzard_MapCanvas\MapCanvas_DataProviderBase.lua,585
14324,MapCanvasPinMixin:ClearSuppression,,Blizzard_MapCanvas\MapCanvas_DataProviderBase.lua,590
14325,MapCanvasPinMixin:GetPinSuppressor,,Blizzard_MapCanvas\MapCanvas_DataProviderBase.lua,594
14326,MapCanvasPinMixin:GetDisplayName,,Blizzard_MapCanvas\MapCanvas_DataProviderBase.lua,598
14415,EnumerateTaintedArray,tbl,Blizzard_MapCanvasSecureUtil\Blizzard_MapCanvasSecureUtil.lua,15
14416,NextElement,"tbl_, i",Blizzard_MapCanvasSecureUtil\Blizzard_MapCanvasSecureUtil.lua,16
14417,IsEquivalentHandler,"handlerInfo, handler, priority",Blizzard_MapCanvasSecureUtil\Blizzard_MapCanvasSecureUtil.lua,29
14418,InvokeTaintedHandler,"handlerInfo, ...",Blizzard_MapCanvasSecureUtil\Blizzard_MapCanvasSecureUtil.lua,33
14419,MapCanvasSecureUtil.CreateHandlerRegistry,,Blizzard_MapCanvasSecureUtil\Blizzard_MapCanvasSecureUtil.lua,37
14420,registry:AddHandler,"handler, priority",Blizzard_MapCanvasSecureUtil\Blizzard_MapCanvasSecureUtil.lua,41
14421,registry:RemoveHandler,"handler, priority",Blizzard_MapCanvasSecureUtil\Blizzard_MapCanvasSecureUtil.lua,46
14422,registry:FindHandler,"handler, priority",Blizzard_MapCanvasSecureUtil\Blizzard_MapCanvasSecureUtil.lua,54
14423,registry:InvokeHandlers,...,Blizzard_MapCanvasSecureUtil\Blizzard_MapCanvasSecureUtil.lua,66
14424,MatchCelebrationPartyPoseMixin:OnLoad,,Blizzard_MatchCelebrationPartyPoseUI\Blizzard_MatchCelebrationPartyPoseUI.lua,3
14425,MatchCelebrationPartyPoseMixin:Dismiss,,Blizzard_MatchCelebrationPartyPoseUI\Blizzard_MatchCelebrationPartyPoseUI.lua,8
16510,OverrideActionBarButtonMixin:EvaluateTutorials,"spellType, id",Blizzard_OverrideActionBar\OverrideActionBar.lua,305
16569,PagedContentFrameBaseMixin:SetPagingControls,pagingControls,Blizzard_PagedContent\Blizzard_PagedContentFrame.lua,465
16631,PagingControlsMixin:SetOverridePagedContentFrame,frame,Blizzard_PagedContent\Blizzard_PagingControls.lua,139
16668,PartyPoseMixin:OnKeyDown,key,Blizzard_PartyPoseUI\Blizzard_PartyPoseUI.lua,429
16669,PartyPoseMixin:Dismiss,,Blizzard_PartyPoseUI\Blizzard_PartyPoseUI.lua,435
16670,PartyPoseUtil.AddDismissClickHandler,"button, panelFrame",Blizzard_PartyPoseUI\Blizzard_PartyPoseUI.lua,445
17188,PlayerChoiceBaseOptionButtonFrameTemplateMixin:OnLoad,,Blizzard_PlayerChoice\Blizzard_PlayerChoiceOptionBase.lua,339
17189,PlayerChoiceBaseOptionButtonFrameTemplateMixin:Setup,"buttonInfo, optionInfo, showAsList",Blizzard_PlayerChoice\Blizzard_PlayerChoiceOptionBase.lua,348
17235,PlayerChoicePowerChoiceTemplateMixin:SetupButtons,,Blizzard_PlayerChoice\Blizzard_PlayerChoicePowerChoiceTemplate.lua,193
18022,POIButtonMixin:IsSuperTracked,,Blizzard_POIButton\POIButton.lua,715
20220,GetErrorData,,Blizzard_ScriptError\Blizzard_ScriptError.lua,10
20221,AddLuaWarningHandler,handler,Blizzard_ScriptError\Blizzard_ScriptError.lua,31
20222,AddLuaErrorHandler,handler,Blizzard_ScriptError\Blizzard_ScriptError.lua,36
20227,ShouldHideErrorFrame,errorTypeCVar,Blizzard_ScriptErrorFrame\Blizzard_ScriptErrorFrame.lua,41
20228,DisplayMessage,"errorTypeCVar, warnType, msg, messageType, stack, locals",Blizzard_ScriptErrorFrame\Blizzard_ScriptErrorFrame.lua,49
20306,SubtitlesPreviewMixin:OnLoad,,Blizzard_SettingsDefinitions_Frame\Subtitles.lua,13
20307,SubtitlesPreviewMixin:OnShow,,Blizzard_SettingsDefinitions_Frame\Subtitles.lua,34
20308,SubtitlesPreviewMixin:UpdatePreview,args,Blizzard_SettingsDefinitions_Frame\Subtitles.lua,53
20309,OnEntryEnter,entry,Blizzard_SettingsDefinitions_Frame\Subtitles.lua,99
20310,ShownPredicate,,Blizzard_SettingsDefinitions_Frame\Subtitles.lua,164
20977,customFn,tooltip,Blizzard_SharedMapDataProviders\AreaPOIDataProvider.lua,188
20979,AreaPOIPinMixin:GetDisplayName,,Blizzard_SharedMapDataProviders\AreaPOIDataProvider.lua,210
20980,AreaPOIPinMixin:HasDisplayName,,Blizzard_SharedMapDataProviders\AreaPOIDataProvider.lua,214
20985,AreaPOIEventDataProviderMixin:OnPingAreaPOIEvent,areaPOIID,Blizzard_SharedMapDataProviders\AreaPOIEventDataProvider.lua,23
21029,WorldQuestPinMixin:GetDisplayName,,Blizzard_SharedMapDataProviders\BonusObjectiveDataProvider.lua,186
21144,FrameCloneManager:Init,,Blizzard_SharedMapDataProviders\FrameCloneManager.lua,3
21145,reset,"pool, region",Blizzard_SharedMapDataProviders\FrameCloneManager.lua,4
21146,FrameCloneManager:ReleaseAll,,Blizzard_SharedMapDataProviders\FrameCloneManager.lua,14
21147,FrameCloneManager:Release,...,Blizzard_SharedMapDataProviders\FrameCloneManager.lua,19
21148,FrameCloneManager:Clone,"originalFrame, parent",Blizzard_SharedMapDataProviders\FrameCloneManager.lua,32
21149,FrameCloneManager:CloneHierarchy,"lookup, originalFrame, parent, ...",Blizzard_SharedMapDataProviders\FrameCloneManager.lua,39
21150,FrameCloneManager:CloneSingleFrame,"lookup, originalFrame, parent",Blizzard_SharedMapDataProviders\FrameCloneManager.lua,50
21151,FrameCloneManager:CloneRegionHierarchy,"lookup, cloneParent, ...",Blizzard_SharedMapDataProviders\FrameCloneManager.lua,62
21152,FrameCloneManager:AcquireClonedRegion,"lookup, originalRegion, parent",Blizzard_SharedMapDataProviders\FrameCloneManager.lua,69
21153,FrameCloneManager:CloneProperties,cloneLookup,Blizzard_SharedMapDataProviders\FrameCloneManager.lua,77
21154,FrameCloneManager:CloneCommonProperties,"lookup, original, clone",Blizzard_SharedMapDataProviders\FrameCloneManager.lua,87
21155,FrameCloneManager:CloneFrameProperties,"lookup, original, clone",Blizzard_SharedMapDataProviders\FrameCloneManager.lua,102
21156,FrameCloneManager:CloneRegionProperties,"lookup, original, clone",Blizzard_SharedMapDataProviders\FrameCloneManager.lua,109
21339,QuestOfferDataProviderMixin:CheckQuestIsLinkedToHub,"questID, questHubPin",Blizzard_SharedMapDataProviders\QuestOfferDataProvider.lua,271
21361,QuestOfferPinMixin:GetDisplayName,,Blizzard_SharedMapDataProviders\QuestOfferDataProvider.lua,440
21363,QuestHubPinMixin:BuildRelatedQuests,,Blizzard_SharedMapDataProviders\QuestOfferDataProvider.lua,455
21367,DetermineHigherPriorityPin,"pin1, pin2",Blizzard_SharedMapDataProviders\QuestOfferDataProvider.lua,484
21372,QuestHubPinMixin:AddSuppressedPinsToTooltip,"tooltip, allSuppressedPins, formatData",Blizzard_SharedMapDataProviders\QuestOfferDataProvider.lua,601
21373,QuestHubPinMixin:ShouldAddSuppressedPinToTooltip,pin,Blizzard_SharedMapDataProviders\QuestOfferDataProvider.lua,629
21374,QuestHubPinMixin:AddSuppressedPinToTooltipContainer,"container, pin",Blizzard_SharedMapDataProviders\QuestOfferDataProvider.lua,634
21375,QuestHubPinMixin:CreatePinTooltipFrame,pin,Blizzard_SharedMapDataProviders\QuestOfferDataProvider.lua,638
21376,QuestHubPinMixin:GetOrCreateSuppressedPinTooltipPool,,Blizzard_SharedMapDataProviders\QuestOfferDataProvider.lua,645
21377,QuestHubPinMixin:ResetSuppressedPinTooltipPool,,Blizzard_SharedMapDataProviders\QuestOfferDataProvider.lua,653
21378,QuestHubPinMixin:GetSuppressedPinTooltipContainer,formatData,Blizzard_SharedMapDataProviders\QuestOfferDataProvider.lua,659
21380,QuestHubPinMixin:IsPinSuppressor,,Blizzard_SharedMapDataProviders\QuestOfferDataProvider.lua,678
21381,QuestHubPinMixin:GetSuppressedPins,,Blizzard_SharedMapDataProviders\QuestOfferDataProvider.lua,682
21382,SortQuestOffer,"questOffer1, questOffer2",Blizzard_SharedMapDataProviders\QuestOfferDataProvider.lua,686
21383,SortSuppressedPins,"pin1, pin2",Blizzard_SharedMapDataProviders\QuestOfferDataProvider.lua,712
21384,QuestHubPinMixin:GetSuppressedPinsSorted,,Blizzard_SharedMapDataProviders\QuestOfferDataProvider.lua,747
21385,QuestHubPinMixin:ShouldSuppressPin,pin,Blizzard_SharedMapDataProviders\QuestOfferDataProvider.lua,769
21386,QuestHubPinMixin:IsRelatedQuestOfferPin,pin,Blizzard_SharedMapDataProviders\QuestOfferDataProvider.lua,792
21387,QuestHubPinMixin:ResetSuppression,,Blizzard_SharedMapDataProviders\QuestOfferDataProvider.lua,800
21388,QuestHubPinMixin:TrackSuppressedPin,pin,Blizzard_SharedMapDataProviders\QuestOfferDataProvider.lua,812
21389,QuestHubPinMixin:FinalizeSuppression,,Blizzard_SharedMapDataProviders\QuestOfferDataProvider.lua,820
21395,SuppressedPinTooltipMixin:SetupFromPin,pin,Blizzard_SharedMapDataProviders\QuestOfferDataProvider.lua,884
21396,SuppressedPinTooltipContainerMixin:Reset,,Blizzard_SharedMapDataProviders\QuestOfferDataProvider.lua,905
21397,SuppressedPinTooltipContainerMixin:AddLine,line,Blizzard_SharedMapDataProviders\QuestOfferDataProvider.lua,915
21398,SuppressedPinTooltipContainerMixin:SetAdditionalItemsText,text,Blizzard_SharedMapDataProviders\QuestOfferDataProvider.lua,930
21472,MapPinPingMixin:IsActive,,Blizzard_SharedMapDataProviders\SharedMapPoiTemplates.lua,473
21572,VignettePinBaseMixin:GetPinHighlightTexture,,Blizzard_SharedMapDataProviders\VignetteDataProvider.lua,449
21583,VignettePinPOIButtonMixin:GetPinHighlightTexture,,Blizzard_SharedMapDataProviders\VignetteDataProvider.lua,574
22187,SyncedAnimGroupMixin:ClearSyncedStart,syncKey,Blizzard_SharedXML\AnimationTemplates.lua,62
22320,CircularBufferMixin:IsValidIndex,index,Blizzard_SharedXML\CircularBuffer.lua,66
22430,CallCallback,"index, callback, msg",Blizzard_SharedXML\Dump.lua,71
22433,DevTools_AddMessageHandler,callback,Blizzard_SharedXML\Dump.lua,83
22684,GetBindingFromInput,input,Blizzard_SharedXML\KeyCommand.lua,97
22723,BaseLayoutMixin:GetChildSize,"child, ignoreRect",Blizzard_SharedXML\LayoutFrame.lua,166
22724,BaseLayoutMixin:GetChildWidth,"child, ignoreRect",Blizzard_SharedXML\LayoutFrame.lua,175
22725,BaseLayoutMixin:GetChildHeight,"child, ignoreRect",Blizzard_SharedXML\LayoutFrame.lua,184
23145,ScrollingMessageFrameMixin:ForEachVisibleLineText,op,Blizzard_SharedXML\ScrollingMessageFrame.lua,101
23146,ScrollingMessageFrameMixin:ForEachMessageInfoText,op,Blizzard_SharedXML\ScrollingMessageFrame.lua,108
23163,ScrollingMessageFrameMixin:SetOnLineRightClickedCallback,onLineRightClickedCallback,Blizzard_SharedXML\ScrollingMessageFrame.lua,186
23164,ScrollingMessageFrameMixin:GetOnLineRightClickedCallback,,Blizzard_SharedXML\ScrollingMessageFrame.lua,190
23352,SpaceToFitDirectionalLayoutMixin:GetChildSpaceRequired,child,Blizzard_SharedXML\SpaceToFitLayoutFrame.lua,21
23358,SpaceToFitVerticalLayoutMixin:GetChildSpaceRequired,child,Blizzard_SharedXML\SpaceToFitLayoutFrame.lua,86
23363,SpaceToFitHorizontalLayoutMixin:GetChildSpaceRequired,child,Blizzard_SharedXML\SpaceToFitLayoutFrame.lua,116
23535,ToolWindowOwnerMixin:SetWindowFocus,,Blizzard_SharedXML\ToolWindowOwnerMixin.lua,59
23549,TreeNodeMixin:InsertNodeAtIndex,"data, insertIndex",Blizzard_SharedXML\TreeListDataProvider.lua,104
23568,TreeDataProviderMixin:InsertAtIndex,"data, index",Blizzard_SharedXML\TreeListDataProvider.lua,256
23751,WarbandSceneEntryMixin:OnMouseUp,"button, upInside",Blizzard_SharedXML\Mainline\SharedCollectionTemplates.lua,3
23752,WarbandSceneEntryMixin:OnEnter,,Blizzard_SharedXML\Mainline\SharedCollectionTemplates.lua,23
23753,WarbandSceneEntryMixin:OnLeave,,Blizzard_SharedXML\Mainline\SharedCollectionTemplates.lua,31
23754,WarbandSceneEntryMixin:Init,elementData,Blizzard_SharedXML\Mainline\SharedCollectionTemplates.lua,36
23755,WarbandSceneEntryMixin:UpdateWarbandSceneData,,Blizzard_SharedXML\Mainline\SharedCollectionTemplates.lua,41
23756,WarbandSceneEntryMixin:GetWarbandSceneID,,Blizzard_SharedXML\Mainline\SharedCollectionTemplates.lua,56
23757,WarbandSceneEntryMixin:GetIsOwned,,Blizzard_SharedXML\Mainline\SharedCollectionTemplates.lua,63
23758,WarbandSceneEntryMixin:GetIsFavorite,,Blizzard_SharedXML\Mainline\SharedCollectionTemplates.lua,67
23759,WarbandSceneEntryMixin:SetIsFavorite,state,Blizzard_SharedXML\Mainline\SharedCollectionTemplates.lua,71
23760,SharedCollectionUtil.ShowWarbandSceneEntryTooltip,"tooltip, warbandSceneInfo, isOwned",Blizzard_SharedXML\Mainline\SharedCollectionUtil.lua,3
23847,TruncatedTooltipFontStringMixin:OnEnterInternal,owner,Blizzard_SharedXML\Mainline\SharedUIPanelTemplates.lua,845
23848,TruncatedTooltipFontStringMixin:OnEnter,,Blizzard_SharedXML\Mainline\SharedUIPanelTemplates.lua,854
23849,TruncatedTooltipFontStringMixin:OnLeave,,Blizzard_SharedXML\Mainline\SharedUIPanelTemplates.lua,858
23966,PanelDragBarMixin:SetOnDragStartCallback,onDragStartCallback,Blizzard_SharedXML\Mainline\SharedUIPanelTemplates.lua,1850
23967,PanelDragBarMixin:SetOnDragStopCallback,onDragStopCallback,Blizzard_SharedXML\Mainline\SharedUIPanelTemplates.lua,1854
23979,PanelResizeButtonMixin:SetOnResizeCallback,resizeCallback,Blizzard_SharedXML\Mainline\SharedUIPanelTemplates.lua,1982
24099,Sound_ToggleAmbience,,Blizzard_SharedXML\Mainline\Sound.lua,35
24267,EventEditBoxMixin:OnEnterPressed_Intrinsic,,Blizzard_SharedXML\Shared\Frame\EventEditBox.lua,58
24268,EventEditBoxMixin:OnKeyDown_Intrinsic,key,Blizzard_SharedXML\Shared\Frame\EventEditBox.lua,62
24271,EventEditBoxMixin:ExpectedHasFocus,,Blizzard_SharedXML\Shared\Frame\EventEditBox.lua,102
24279,EventEditBoxMixin:ShouldDefault,text,Blizzard_SharedXML\Shared\Frame\EventEditBox.lua,163
24815,ScrollingEditBoxMixin:UpdateScrollBox,,Blizzard_SharedXML\Shared\Scroll\ScrollTemplates.lua,64
24818,ScrollingEditBoxMixin:SetCursorPosition,pos,Blizzard_SharedXML\Shared\Scroll\ScrollTemplates.lua,80
24819,ScrollingEditBoxMixin:SetTextInsets,"left, right, top, bottom",Blizzard_SharedXML\Shared\Scroll\ScrollTemplates.lua,85
24826,ScrollingEditBoxMixin:HasFocus,,Blizzard_SharedXML\Shared\Scroll\ScrollTemplates.lua,117
24829,ScrollingEditBoxMixin:GetText,,Blizzard_SharedXML\Shared\Scroll\ScrollTemplates.lua,139
24830,ScrollingEditBoxMixin:Insert,text,Blizzard_SharedXML\Shared\Scroll\ScrollTemplates.lua,144
24842,ScrollingEditBoxMixin:OnEditBoxEscapePressed,editBox,Blizzard_SharedXML\Shared\Scroll\ScrollTemplates.lua,209
24843,ScrollingEditBoxMixin:OnEditBoxKeyDown,"editBox, key",Blizzard_SharedXML\Shared\Scroll\ScrollTemplates.lua,213
24906,SelectionBehaviorMixin:SelectLastElementData,predicate,Blizzard_SharedXML\Shared\Scroll\ScrollUtil.lua,462
25098,AddOnUtil.SetEnableStateForAddOnAndDependencies,"addonName, character, enabled",Blizzard_SharedXMLBase\AddOnUtil.lua,50
25148,acos,x,Blizzard_SharedXMLBase\Compat.lua,22
25149,asin,x,Blizzard_SharedXMLBase\Compat.lua,23
25150,atan,x,Blizzard_SharedXMLBase\Compat.lua,24
25151,atan2,"x, y",Blizzard_SharedXMLBase\Compat.lua,25
25152,cos,x,Blizzard_SharedXMLBase\Compat.lua,27
25153,sin,x,Blizzard_SharedXMLBase\Compat.lua,41
25154,tan,x,Blizzard_SharedXMLBase\Compat.lua,43
25160,SetCVarToDefault,name,Blizzard_SharedXMLBase\CvarUtil.lua,25
25556,SafeLength,tbl,Blizzard_SharedXMLBase\TableUtil.lua,430
25580,GetTagValues,tag,Blizzard_SharedXMLBase\TaggableObject.lua,3
25581,AddTagToTable,"tags, tag",Blizzard_SharedXMLBase\TaggableObject.lua,11
25582,RemoveTagFromTable,"tags, tag",Blizzard_SharedXMLBase\TaggableObject.lua,17
25583,TableHasTag,"tags, tag",Blizzard_SharedXMLBase\TaggableObject.lua,25
25584,TaggableObjectMixin:AddTag,tag,Blizzard_SharedXMLBase\TaggableObject.lua,37
25585,TaggableObjectMixin:RemoveTag,tag,Blizzard_SharedXMLBase\TaggableObject.lua,41
25586,TaggableObjectMixin:MatchesTag,tag,Blizzard_SharedXMLBase\TaggableObject.lua,47
25587,TaggableObjectMixin:MatchesAnyTag,...,Blizzard_SharedXMLBase\TaggableObject.lua,55
25588,TaggableObjectMixin:MatchesAllTags,...,Blizzard_SharedXMLBase\TaggableObject.lua,68
26246,GetDropdownIconForPetSpec,specialization,Blizzard_StableUI\Blizzard_StableUI.lua,81
26353,StablePetSpecializationMixin:OnLoad,,Blizzard_StableUI\Blizzard_StableUI.lua,1222
26354,StablePetSpecializationMixin:Refresh,,Blizzard_StableUI\Blizzard_StableUI.lua,1228
28251,GetEventPOI,"uiMapID, areaPoiID",Blizzard_UIPanels_Game\Mainline\EventScheduler.lua,1
28252,ShouldShowTimeLeftInTooltip,poiInfo,Blizzard_UIPanels_Game\Mainline\EventScheduler.lua,14
28253,ShouldHideRewardedEvents,,Blizzard_UIPanels_Game\Mainline\EventScheduler.lua,21
28254,EventSchedulerAnimationManager:AddAnim,"eventKey, animType",Blizzard_UIPanels_Game\Mainline\EventScheduler.lua,70
28255,EventSchedulerAnimationManager:GetAnim,"eventKey, animType",Blizzard_UIPanels_Game\Mainline\EventScheduler.lua,78
28256,EventSchedulerAnimationManager:HasAnim,"eventKey, animType",Blizzard_UIPanels_Game\Mainline\EventScheduler.lua,86
28257,EventSchedulerAnimationManager:HasActiveAnim,"eventKey, animType",Blizzard_UIPanels_Game\Mainline\EventScheduler.lua,90
28258,EventSchedulerAnimationManager:UpdateAnimElapsedTime,"eventKey, animType, elapsedTime",Blizzard_UIPanels_Game\Mainline\EventScheduler.lua,95
28259,EventSchedulerAnimationManager:FinishAnim,"eventKey, animType",Blizzard_UIPanels_Game\Mainline\EventScheduler.lua,102
28260,EventSchedulerAnimationManager:FinishAllAnims,,Blizzard_UIPanels_Game\Mainline\EventScheduler.lua,109
28261,EventSchedulerAnimationManager:HasPlayingAnims,,Blizzard_UIPanels_Game\Mainline\EventScheduler.lua,115
28262,EventSchedulerAnimationManager:PlayNextAnimation,scrollBox,Blizzard_UIPanels_Game\Mainline\EventScheduler.lua,124
28263,EventSchedulerAnimationManager:GetEventFrame,"scrollBox, eventKey",Blizzard_UIPanels_Game\Mainline\EventScheduler.lua,146
28264,EventSchedulerAnimationManager:ClearAnims,eventKey,Blizzard_UIPanels_Game\Mainline\EventScheduler.lua,155
28265,EventSchedulerAnimationManager:ClearAllAnims,,Blizzard_UIPanels_Game\Mainline\EventScheduler.lua,164
28266,EventSchedulerMixin:OnLoad,,Blizzard_UIPanels_Game\Mainline\EventScheduler.lua,170
28267,EventSchedulerMixin:OnShow,,Blizzard_UIPanels_Game\Mainline\EventScheduler.lua,225
28268,EventSchedulerMixin:OnHide,,Blizzard_UIPanels_Game\Mainline\EventScheduler.lua,232
28269,EventSchedulerMixin:OnEvent,event,Blizzard_UIPanels_Game\Mainline\EventScheduler.lua,239
28270,EventSchedulerMixin:CancelTimer,,Blizzard_UIPanels_Game\Mainline\EventScheduler.lua,243
28271,EventSchedulerMixin:AddOngoingEvents,"dataProvider, ongoingEvents, hideRewardedEvents",Blizzard_UIPanels_Game\Mainline\EventScheduler.lua,250
28272,EventSchedulerMixin:AddScheduledEvents,"dataProvider, scheduledEvents, hideRewardedEvents",Blizzard_UIPanels_Game\Mainline\EventScheduler.lua,279
28273,EventSchedulerMixin:AddAllEvents,"dataProvider, ongoingEvents, scheduledEvents",Blizzard_UIPanels_Game\Mainline\EventScheduler.lua,391
28274,EventSchedulerMixin:Refresh,,Blizzard_UIPanels_Game\Mainline\EventScheduler.lua,412
28275,EventSchedulerMixin:OnAnimationFinished,"eventKey, animType",Blizzard_UIPanels_Game\Mainline\EventScheduler.lua,444
28276,EventSchedulerBaseEntryMixin:OnEnter,,Blizzard_UIPanels_Game\Mainline\EventScheduler.lua,453
28277,EventSchedulerBaseEntryMixin:OnLeave,,Blizzard_UIPanels_Game\Mainline\EventScheduler.lua,462
28278,EventSchedulerBaseEntryMixin:OnMouseUp,"button, upInside",Blizzard_UIPanels_Game\Mainline\EventScheduler.lua,472
28279,EventSchedulerBaseEntryMixin:UpdateTooltip,,Blizzard_UIPanels_Game\Mainline\EventScheduler.lua,480
28280,EventSchedulerBaseEntryMixin:HasDisplayName,,Blizzard_UIPanels_Game\Mainline\EventScheduler.lua,490
28281,EventSchedulerBaseEntryMixin:GetDisplayName,,Blizzard_UIPanels_Game\Mainline\EventScheduler.lua,494
28282,EventSchedulerBaseEntryMixin:HasRewardsClaimed,,Blizzard_UIPanels_Game\Mainline\EventScheduler.lua,498
28283,EventSchedulerBaseEntryMixin:HasStarted,,Blizzard_UIPanels_Game\Mainline\EventScheduler.lua,502
28284,EventSchedulerOngoingEntryMixin:Init,data,Blizzard_UIPanels_Game\Mainline\EventScheduler.lua,508
28285,EventSchedulerOngoingEntryMixin:OnMouseUp,"button, upInside",Blizzard_UIPanels_Game\Mainline\EventScheduler.lua,534
28286,EventSchedulerScheduledEntryMixin:OnLoad,,Blizzard_UIPanels_Game\Mainline\EventScheduler.lua,558
28287,EventSchedulerScheduledEntryMixin:Init,data,Blizzard_UIPanels_Game\Mainline\EventScheduler.lua,563
28288,EventSchedulerScheduledEntryMixin:OnMouseUp,"button, upInside",Blizzard_UIPanels_Game\Mainline\EventScheduler.lua,616
28289,EventSchedulerScheduledEntryMixin:PlayStartedAnim,elapsedTime,Blizzard_UIPanels_Game\Mainline\EventScheduler.lua,652
28290,EventSchedulerScheduledEntryMixin:OnStartedAnimFinished,,Blizzard_UIPanels_Game\Mainline\EventScheduler.lua,659
28291,EventSchedulerScheduledEntryMixin:PlayExpiredAnim,elapsedTime,Blizzard_UIPanels_Game\Mainline\EventScheduler.lua,663
28292,EventSchedulerScheduledEntryMixin:OnExpiredAnimFinished,,Blizzard_UIPanels_Game\Mainline\EventScheduler.lua,668
28293,EventSchedulerBaseLabelMixin:Init,data,Blizzard_UIPanels_Game\Mainline\EventScheduler.lua,674
28294,EventSchedulerReminderManager:SetReminder,eventKey,Blizzard_UIPanels_Game\Mainline\EventScheduler.lua,710
28295,EventSchedulerReminderManager:ClearReminder,eventKey,Blizzard_UIPanels_Game\Mainline\EventScheduler.lua,714
28296,EventSchedulerReminderManager:CanRefresh,,Blizzard_UIPanels_Game\Mainline\EventScheduler.lua,719
28297,EventSchedulerReminderManager:SetBlockRefresh,blockRefresh,Blizzard_UIPanels_Game\Mainline\EventScheduler.lua,723
28298,EventSchedulerReminderManager:CanDoWarningForEvent,eventKey,Blizzard_UIPanels_Game\Mainline\EventScheduler.lua,728
28299,EventSchedulerReminderManager:ResetWarningForEvent,eventKey,Blizzard_UIPanels_Game\Mainline\EventScheduler.lua,737
28300,EventSchedulerReminderManager:Refresh,,Blizzard_UIPanels_Game\Mainline\EventScheduler.lua,743
28301,EventSchedulerReminderManager:AnnounceEvent,"eventInfo, time",Blizzard_UIPanels_Game\Mainline\EventScheduler.lua,814
28628,QuestAccountCompletedNoticeMixin:OnLoad,,Blizzard_UIPanels_Game\Mainline\QuestFrameTemplates.lua,3
28629,QuestAccountCompletedNoticeMixin:OnEnter,,Blizzard_UIPanels_Game\Mainline\QuestFrameTemplates.lua,7
28630,QuestAccountCompletedNoticeMixin:OnLeave,,Blizzard_UIPanels_Game\Mainline\QuestFrameTemplates.lua,13
28631,QuestAccountCompletedNoticeMixin:Refresh,questID,Blizzard_UIPanels_Game\Mainline\QuestFrameTemplates.lua,17
28703,QuestLogTabButtonMixin:OnMouseDown,button,Blizzard_UIPanels_Game\Mainline\QuestMapFrame.lua,202
28704,QuestLogTabButtonMixin:OnMouseUp,"button, upInside",Blizzard_UIPanels_Game\Mainline\QuestMapFrame.lua,208
28705,QuestLogTabButtonMixin:SetChecked,checked,Blizzard_UIPanels_Game\Mainline\QuestMapFrame.lua,215
28706,QuestLogTabButtonMixin:OnEnter,,Blizzard_UIPanels_Game\Mainline\QuestMapFrame.lua,224
28707,QuestLogMixin:GetPanelExtraWidth,,Blizzard_UIPanels_Game\Mainline\QuestMapFrame.lua,231
28708,QuestLogMixin:SetDisplayMode,displayMode,Blizzard_UIPanels_Game\Mainline\QuestMapFrame.lua,236
28709,QuestLogMixin:ValidateTabs,,Blizzard_UIPanels_Game\Mainline\QuestMapFrame.lua,261
28710,QuestLogMixin:CheckEventsTabTutorial,,Blizzard_UIPanels_Game\Mainline\QuestMapFrame.lua,281
28711,QuestLogMixin:GetHelpInfoText,,Blizzard_UIPanels_Game\Mainline\QuestMapFrame.lua,297
28739,TabHandler,"tab, button, upInside",Blizzard_UIPanels_Game\Mainline\QuestMapFrame.lua,563
29484,GetLocalizedNumberAbbreviationData,,Blizzard_UIParent\Shared\Localization.lua,25
29801,UIWidgetTemplateStatusBarMixin:SetupTextures,,Blizzard_UIWidgets\Mainline\Blizzard_UIWidgetTemplateStatusBar.lua,30
30235,UnitPowerBarAlt_SetTooltipAnchor,self,Blizzard_UnitFrame\UnitPowerBarAlt.lua,45
30268,PlayerPowerBarAltMixin:Setup,,Blizzard_UnitFrame\UnitPowerBarAlt.lua,528
30272,PlayerPowerBarAltMixin:EvaluateTutorials,,Blizzard_UnitFrame\UnitPowerBarAlt.lua,564
31239,WarfrontsPartyPoseMixin:Dismiss,,Blizzard_WarfrontsPartyPoseUI\Blizzard_WarfrontsPartyPoseUI.lua,179
31353,SecureRefreshOverlayFrame,"_, frame",Blizzard_WorldMap\Blizzard_WorldMap.lua,378
31364,WorldMapTutorialMixin:UpdateHelpInfo,,Blizzard_WorldMap\Blizzard_WorldMap.lua,495
31365,WorldMapTutorialMixin:SetHelpInfo3,,Blizzard_WorldMap\Blizzard_WorldMap.lua,505
31373,OpenMapToEventPoi,areaPoiID,Blizzard_WorldMap\Blizzard_WorldMap.lua,561
31379,WorldMapFilterMixin:GetTooltipText,,Blizzard_WorldMap\Blizzard_WorldMapTemplates.lua,73
31386,WorldMapTrackingOptionsFilterCounterMixin:OnEnter,,Blizzard_WorldMap\Blizzard_WorldMapTemplates.lua,128
31387,WorldMapTrackingOptionsFilterCounterMixin:TryShowTooltip,,Blizzard_WorldMap\Blizzard_WorldMapTemplates.lua,132
31388,WorldMapTrackingOptionsFilterCounterMixin:OnLeave,,Blizzard_WorldMap\Blizzard_WorldMapTemplates.lua,142
31389,WorldMapTrackingOptionsFilterCounterMixin:FullRefresh,,Blizzard_WorldMap\Blizzard_WorldMapTemplates.lua,146
31390,WorldMapTrackingOptionsFilterCounterMixin:RefreshActiveFilterList,,Blizzard_WorldMap\Blizzard_WorldMapTemplates.lua,152
31391,WorldMapTrackingOptionsFilterCounterMixin:RefreshActiveFilterCounter,,Blizzard_WorldMap\Blizzard_WorldMapTemplates.lua,156
31392,WorldMapTrackingOptionsFilterCounterMixin:RefreshVisibility,,Blizzard_WorldMap\Blizzard_WorldMapTemplates.lua,162
31397,WorldMapTrackingOptionsButtonMixin:GetActiveFilters,,Blizzard_WorldMap\Blizzard_WorldMapTemplates.lua,192
31398,WorldMapTrackingOptionsButtonMixin:RefreshFilterCounter,,Blizzard_WorldMap\Blizzard_WorldMapTemplates.lua,205
