,Function Name,Parameters,Source,Line Number
493,ActionBarActionButtonDerivedMixin:OnLoad,,Blizzard_ActionBar\Mainline\ActionButtonOverrides.lua,43
507,ActionBarActionButtonDerivedMixin:OnEvent,"event, ...",Blizzard_ActionBar\Mainline\ActionButtonOverrides.lua,315
510,ActionBarActionButtonDerivedMixin:OnClick,"button, down",Blizzard_ActionBar\Mainline\ActionButtonOverrides.lua,435
511,ActionBarActionButtonDerivedMixin:OnDragStart,,Blizzard_ActionBar\Mainline\ActionButtonOverrides.lua,502
512,ActionBarActionButtonDerivedMixin:OnReceiveDrag,,Blizzard_ActionBar\Mainline\ActionButtonOverrides.lua,518
513,ActionBarActionButtonDerivedMixin:OnDragStop,,Blizzard_ActionBar\Mainline\ActionButtonOverrides.lua,537
780,MicroMenuMixin:SetScaleAdjustment,scale,Blizzard_ActionBar\Mainline\MainMenuBarMicroButtons.lua,1851
908,SpellFlyoutButton_OnDrag,self,Blizzard_ActionBar\Mainline\SpellFlyout.lua,51
909,SpellFlyoutButton_UpdateGlyphState,"self, reason",Blizzard_ActionBar\Mainline\SpellFlyout.lua,109
910,SpellFlyout_HideIfWorldMapMaximized,self,Blizzard_ActionBar\Mainline\SpellFlyout.lua,399
911,SpellFlyout_SetBorderSize,"self, size",Blizzard_ActionBar\Mainline\SpellFlyout.lua,453
912,SpellFlyout_GetFlyoutButtonForSpell,"self, spellID",Blizzard_ActionBar\Mainline\SpellFlyout.lua,467
1026,AddonDialog_OnKeyDown,key,Blizzard_AddOnList\Mainline\AddonList.lua,110
1033,AddonList_OnLoad,self,Blizzard_AddOnList\Mainline\AddonList.lua,197
1036,AddonList_InitButton,"entry, addonIndex",Blizzard_AddOnList\Mainline\AddonList.lua,288
1048,AddonList_OnShow,self,Blizzard_AddOnList\Mainline\AddonList.lua,482
1049,AddonList_OnHide,self,Blizzard_AddOnList\Mainline\AddonList.lua,518
2600,BarberShopMixin:RotateCharacter,rotationAmount,Blizzard_BarbershopUI\Blizzard_BarberShopUI.lua,181
2601,BarberShopMixin:ResetCharacterRotation,,Blizzard_BarbershopUI\Blizzard_BarberShopUI.lua,185
3715,CharacterCreateMixin:ResetCharacterRotation,"mode, instantRotate",Blizzard_CharacterCreate\Blizzard_CharacterCreate.lua,760
3718,CharacterCreateMixin:RotateCharacter,rotationAmount,Blizzard_CharacterCreate\Blizzard_CharacterCreate.lua,772
3719,CharacterCreateMixin:RotateCharacterToTarget,"targetRotation, duration",Blizzard_CharacterCreate\Blizzard_CharacterCreate.lua,776
3720,CharacterCreateMixin:OnUpdateRotateCharacterToTarget,elapsed,Blizzard_CharacterCreate\Blizzard_CharacterCreate.lua,793
3836,CharCustomizeOptionFrameBaseMixin:SetupOption,optionData,Blizzard_CharacterCustomize\Blizzard_CharacterCustomize.lua,10
3837,CharCustomizeOptionFrameBaseMixin:SetOptionData,optionData,Blizzard_CharacterCustomize\Blizzard_CharacterCustomize.lua,14
3838,CharCustomizeOptionFrameBaseMixin:GetOptionData,,Blizzard_CharacterCustomize\Blizzard_CharacterCustomize.lua,18
3839,CharCustomizeOptionFrameBaseMixin:RefreshOption,,Blizzard_CharacterCustomize\Blizzard_CharacterCustomize.lua,22
3840,CharCustomizeOptionFrameBaseMixin:GetCurrentChoiceIndex,,Blizzard_CharacterCustomize\Blizzard_CharacterCustomize.lua,26
3841,CharCustomizeOptionFrameBaseMixin:HasChoice,,Blizzard_CharacterCustomize\Blizzard_CharacterCustomize.lua,30
3842,CharCustomizeOptionFrameBaseMixin:GetChoice,index,Blizzard_CharacterCustomize\Blizzard_CharacterCustomize.lua,34
3843,CharCustomizeOptionFrameBaseMixin:GetCurrentChoice,,Blizzard_CharacterCustomize\Blizzard_CharacterCustomize.lua,40
3844,CharCustomizeOptionFrameBaseMixin:HasSound,,Blizzard_CharacterCustomize\Blizzard_CharacterCustomize.lua,44
3845,CharCustomizeOptionFrameBaseMixin:GetSoundKit,entryOverride,Blizzard_CharacterCustomize\Blizzard_CharacterCustomize.lua,48
3846,CharCustomizeOptionFrameBaseMixin:SetupAudio,audioInterface,Blizzard_CharacterCustomize\Blizzard_CharacterCustomize.lua,61
3847,CharCustomizeOptionFrameBaseMixin:ShutdownAudio,,Blizzard_CharacterCustomize\Blizzard_CharacterCustomize.lua,72
3848,CharCustomizeOptionFrameBaseMixin:GetAudioInterface,,Blizzard_CharacterCustomize\Blizzard_CharacterCustomize.lua,81
3850,CharCustomizeFrameWithTooltipMixin:GetAppropriateTooltip,,Blizzard_CharacterCustomize\Blizzard_CharacterCustomize.lua,90
3851,CharCustomizeMaskedButtonMixin:GetAppropriateTooltip,,Blizzard_CharacterCustomize\Blizzard_CharacterCustomize.lua,95
3852,CharCustomizeParentFrameBaseMixin:SetCustomizationChoice,"optionID, choiceID",Blizzard_CharacterCustomize\Blizzard_CharacterCustomize.lua,101
3853,CharCustomizeParentFrameBaseMixin:PreviewCustomizationChoice,"optionID, choiceID",Blizzard_CharacterCustomize\Blizzard_CharacterCustomize.lua,104
3854,CharCustomizeParentFrameBaseMixin:ResetCustomizationPreview,clearSavedChoices,Blizzard_CharacterCustomize\Blizzard_CharacterCustomize.lua,107
3855,CharCustomizeParentFrameBaseMixin:MarkCustomizationChoiceAsSeen,choiceID,Blizzard_CharacterCustomize\Blizzard_CharacterCustomize.lua,110
3856,CharCustomizeParentFrameBaseMixin:MarkCustomizationOptionAsSeen,optionID,Blizzard_CharacterCustomize\Blizzard_CharacterCustomize.lua,113
3861,CharCustomizeParentFrameBaseMixin:GetCurrentCameraZoom,,Blizzard_CharacterCustomize\Blizzard_CharacterCustomize.lua,128
3862,CharCustomizeParentFrameBaseMixin:SetCameraZoomLevel,"zoomLevel, keepCustomZoom",Blizzard_CharacterCustomize\Blizzard_CharacterCustomize.lua,131
3863,CharCustomizeParentFrameBaseMixin:ResetCharacterRotation,,Blizzard_CharacterCustomize\Blizzard_CharacterCustomize.lua,134
3864,CharCustomizeParentFrameBaseMixin:ZoomCamera,zoomAmount,Blizzard_CharacterCustomize\Blizzard_CharacterCustomize.lua,137
3865,CharCustomizeParentFrameBaseMixin:RotateCharacter,rotationAmount,Blizzard_CharacterCustomize\Blizzard_CharacterCustomize.lua,140
3866,CharCustomizeParentFrameBaseMixin:RandomizeAppearance,,Blizzard_CharacterCustomize\Blizzard_CharacterCustomize.lua,143
3867,CharCustomizeParentFrameBaseMixin:SetCameraDistanceOffset,offset,Blizzard_CharacterCustomize\Blizzard_CharacterCustomize.lua,146
3869,CharCustomizeParentFrameBaseMixin:OnButtonClick,,Blizzard_CharacterCustomize\Blizzard_CharacterCustomize.lua,152
3870,CharCustomizeBaseButtonMixin:OnBaseButtonClick,,Blizzard_CharacterCustomize\Blizzard_CharacterCustomize.lua,157
3871,CharCustomizeSmallButtonMixin:OnLoad,,Blizzard_CharacterCustomize\Blizzard_CharacterCustomize.lua,163
3872,CharCustomizeSmallButtonMixin:OnMouseDown,,Blizzard_CharacterCustomize\Blizzard_CharacterCustomize.lua,169
3873,CharCustomizeSmallButtonMixin:OnMouseUp,,Blizzard_CharacterCustomize\Blizzard_CharacterCustomize.lua,175
3874,CharCustomizeSmallButtonMixin:OnClick,,Blizzard_CharacterCustomize\Blizzard_CharacterCustomize.lua,179
3875,CharCustomizeResetCameraButtonMixin:OnClick,,Blizzard_CharacterCustomize\Blizzard_CharacterCustomize.lua,185
3876,CharCustomizeRandomizeAppearanceButtonMixin:OnClick,,Blizzard_CharacterCustomize\Blizzard_CharacterCustomize.lua,193
3877,CharCustomizeClickOrHoldButtonMixin:OnHide,,Blizzard_CharacterCustomize\Blizzard_CharacterCustomize.lua,200
3878,CharCustomizeClickOrHoldButtonMixin:DoClickAction,,Blizzard_CharacterCustomize\Blizzard_CharacterCustomize.lua,205
3879,CharCustomizeClickOrHoldButtonMixin:DoHoldAction,elapsed,Blizzard_CharacterCustomize\Blizzard_CharacterCustomize.lua,208
3880,CharCustomizeClickOrHoldButtonMixin:OnClick,,Blizzard_CharacterCustomize\Blizzard_CharacterCustomize.lua,211
3881,CharCustomizeClickOrHoldButtonMixin:OnUpdate,elapsed,Blizzard_CharacterCustomize\Blizzard_CharacterCustomize.lua,219
3882,CharCustomizeClickOrHoldButtonMixin:OnMouseDown,,Blizzard_CharacterCustomize\Blizzard_CharacterCustomize.lua,235
3883,CharCustomizeClickOrHoldButtonMixin:OnMouseUp,,Blizzard_CharacterCustomize\Blizzard_CharacterCustomize.lua,242
3884,CharCustomizeZoomButtonMixin:DoClickAction,,Blizzard_CharacterCustomize\Blizzard_CharacterCustomize.lua,250
3885,CharCustomizeZoomButtonMixin:DoHoldAction,elapsed,Blizzard_CharacterCustomize\Blizzard_CharacterCustomize.lua,254
3886,CharCustomizeRotateButtonMixin:DoClickAction,,Blizzard_CharacterCustomize\Blizzard_CharacterCustomize.lua,260
3887,CharCustomizeRotateButtonMixin:DoHoldAction,elapsed,Blizzard_CharacterCustomize\Blizzard_CharacterCustomize.lua,264
3888,CharCustomizeFrameWithExpandableTooltipMixin:ClearTooltipLines,,Blizzard_CharacterCustomize\Blizzard_CharacterCustomize.lua,270
3889,CharCustomizeFrameWithExpandableTooltipMixin:AddExpandedTooltipFrame,frame,Blizzard_CharacterCustomize\Blizzard_CharacterCustomize.lua,276
3890,CharCustomizeFrameWithExpandableTooltipMixin:AddPostTooltipLine,"lineText, lineColor",Blizzard_CharacterCustomize\Blizzard_CharacterCustomize.lua,280
3891,CharCustomizeFrameWithExpandableTooltipMixin:AddExtraStuffToTooltip,,Blizzard_CharacterCustomize\Blizzard_CharacterCustomize.lua,288
3892,CharCustomizeFrameWithExpandableTooltipMixin:OnMouseUp,button,Blizzard_CharacterCustomize\Blizzard_CharacterCustomize.lua,312
3896,CharCustomizeCategoryButtonMixin:SetCategory,"categoryData, selectedCategoryID",Blizzard_CharacterCustomize\Blizzard_CharacterCustomize.lua,350
3897,CharCustomizeCategoryButtonMixin:OnClick,,Blizzard_CharacterCustomize\Blizzard_CharacterCustomize.lua,382
3904,CharCustomizeOptionSliderMixin:OnLoad,,Blizzard_CharacterCustomize\Blizzard_CharacterCustomize.lua,477
3905,CharCustomizeOptionSliderMixin:SetupAnchors,tooltip,Blizzard_CharacterCustomize\Blizzard_CharacterCustomize.lua,481
3906,CharCustomizeOptionSliderMixin:SetupOption,optionData,Blizzard_CharacterCustomize\Blizzard_CharacterCustomize.lua,486
3907,CharCustomizeOptionSliderMixin:OnSliderValueChanged,"value, userInput",Blizzard_CharacterCustomize\Blizzard_CharacterCustomize.lua,496
3908,CharCustomizeOptionCheckButtonMixin:SetupOption,optionData,Blizzard_CharacterCustomize\Blizzard_CharacterCustomize.lua,535
3909,CharCustomizeOptionCheckButtonMixin:OnCheckButtonClick,,Blizzard_CharacterCustomize\Blizzard_CharacterCustomize.lua,551
3911,CharCustomizeAudioInterfacePlayButtonMixin:OnClick,,Blizzard_CharacterCustomize\Blizzard_CharacterCustomize.lua,571
3912,CharCustomizeAudioInterfacePlayButtonMixin:OnEnter,,Blizzard_CharacterCustomize\Blizzard_CharacterCustomize.lua,580
3913,CharCustomizeAudioInterfacePlayButtonMixin:OnLeave,,Blizzard_CharacterCustomize\Blizzard_CharacterCustomize.lua,585
3914,CharCustomizeAudioInterfacePlayButtonMixin:GetStateTextures,,Blizzard_CharacterCustomize\Blizzard_CharacterCustomize.lua,589
3915,CharCustomizeAudioInterfacePlayButtonMixin:UpdateStateTextures,,Blizzard_CharacterCustomize\Blizzard_CharacterCustomize.lua,598
3916,CharCustomizeAudioInterfaceMuteButtonMixin:CharCustomizeAudioInterfaceMuteButton_OnLoad,,Blizzard_CharacterCustomize\Blizzard_CharacterCustomize.lua,607
3917,CharCustomizeAudioInterfaceMuteButtonMixin:GetStateTextures,,Blizzard_CharacterCustomize\Blizzard_CharacterCustomize.lua,611
3918,CharCustomizeAudioInterfaceMuteButtonMixin:UpdateStateTextures,,Blizzard_CharacterCustomize\Blizzard_CharacterCustomize.lua,619
3919,CharCustomizeAudioInterfaceMuteButtonMixin:OnClick,,Blizzard_CharacterCustomize\Blizzard_CharacterCustomize.lua,626
3920,CharCustomizeAudioInterfaceMuteButtonMixin:GetTooltipText,,Blizzard_CharacterCustomize\Blizzard_CharacterCustomize.lua,642
3921,CharCustomizeAudioInterfaceMuteButtonMixin:OnEnter,,Blizzard_CharacterCustomize\Blizzard_CharacterCustomize.lua,646
3922,CharCustomizeAudioInterfaceMuteButtonMixin:OnLeave,,Blizzard_CharacterCustomize\Blizzard_CharacterCustomize.lua,651
3923,CharCustomizeAudioInterfaceMixin:OnEvent,"event, ...",Blizzard_CharacterCustomize\Blizzard_CharacterCustomize.lua,657
3924,CharCustomizeAudioInterfaceMixin:SetupAudio,soundKit,Blizzard_CharacterCustomize\Blizzard_CharacterCustomize.lua,666
3925,CharCustomizeAudioInterfaceMixin:IsPlaying,,Blizzard_CharacterCustomize\Blizzard_CharacterCustomize.lua,679
3926,CharCustomizeAudioInterfaceMixin:PlayAudioInternal,,Blizzard_CharacterCustomize\Blizzard_CharacterCustomize.lua,683
3927,CharCustomizeAudioInterfaceMixin:PlayAudio,soundKit,Blizzard_CharacterCustomize\Blizzard_CharacterCustomize.lua,690
3928,CharCustomizeAudioInterfaceMixin:StopAudio,,Blizzard_CharacterCustomize\Blizzard_CharacterCustomize.lua,712
3929,CharCustomizeAudioInterfaceMixin:OnPlaybackFinished,,Blizzard_CharacterCustomize\Blizzard_CharacterCustomize.lua,732
3930,CharCustomizeAudioInterfaceMixin:CheckResumePlayback,,Blizzard_CharacterCustomize\Blizzard_CharacterCustomize.lua,742
3931,CharCustomizeAudioInterfaceMixin:OnAudioPlayingTick,,Blizzard_CharacterCustomize\Blizzard_CharacterCustomize.lua,750
3932,CharCustomizeDropdownWithSteppersAndLabelMixin:OnLoad,,Blizzard_CharacterCustomize\Blizzard_CharacterCustomize.lua,756
3933,CharCustomizeDropdownWithSteppersAndLabelMixin:SetupAnchors,tooltip,Blizzard_CharacterCustomize\Blizzard_CharacterCustomize.lua,766
3936,CharCustomizeDropdownWithSteppersAndLabelMixin:SetupOption,optionData,Blizzard_CharacterCustomize\Blizzard_CharacterCustomize.lua,790
3941,CharCustomizeDropdownWithSteppersAndLabelMixin:GetOrCreateWarningTexture,enabled,Blizzard_CharacterCustomize\Blizzard_CharacterCustomize.lua,982
3942,CharCustomizeDropdownWithSteppersAndLabelMixin:GetWarningTexture,,Blizzard_CharacterCustomize\Blizzard_CharacterCustomize.lua,992
3943,CharCustomizeDropdownWithSteppersAndLabelMixin:SetMissingOptionWarningEnabled,externallyEnabled,Blizzard_CharacterCustomize\Blizzard_CharacterCustomize.lua,996
3944,CharCustomizeDropdownElementDetailsMixin:GetTooltipText,,Blizzard_CharacterCustomize\Blizzard_CharacterCustomize.lua,1008
3945,CharCustomizeDropdownElementDetailsMixin:AdjustWidth,"multipleColumns, hasALockedChoice",Blizzard_CharacterCustomize\Blizzard_CharacterCustomize.lua,1021
3948,CharCustomizeDropdownElementDetailsMixin:GetFontColors,"choiceData, isSelected, hasAFailedReq",Blizzard_CharacterCustomize\Blizzard_CharacterCustomize.lua,1061
3949,CharCustomizeDropdownElementDetailsMixin:UpdateFontColors,"choiceData, isSelected, hasAFailedReq",Blizzard_CharacterCustomize\Blizzard_CharacterCustomize.lua,1076
3951,CharCustomizeDropdownElementDetailsMixin:SetShowAsNew,showAsNew,Blizzard_CharacterCustomize\Blizzard_CharacterCustomize.lua,1087
3952,CharCustomizeDropdownElementDetailsMixin:UpdateText,"choiceData, isSelected, hasAFailedReq, hideNumber, hasColors",Blizzard_CharacterCustomize\Blizzard_CharacterCustomize.lua,1103
3953,CharCustomizeDropdownElementDetailsMixin:Init,"choiceData, index, isSelected, hasAFailedReq, hasALockedChoice, clampNameSize",Blizzard_CharacterCustomize\Blizzard_CharacterCustomize.lua,1140
3954,CharCustomizeDropdownMixin:OnMouseDown,,Blizzard_CharacterCustomize\Blizzard_CharacterCustomize.lua,1225
3955,CharCustomizeDropdownMixin:OnMouseUp,,Blizzard_CharacterCustomize\Blizzard_CharacterCustomize.lua,1231
3956,CharCustomizeDropdownMixin:OnDisable,,Blizzard_CharacterCustomize\Blizzard_CharacterCustomize.lua,1238
3957,CharCustomizeDropdownElementMixin:OnLoad,,Blizzard_CharacterCustomize\Blizzard_CharacterCustomize.lua,1247
3959,CharCustomizeMixin:OnEvent,"event, ...",Blizzard_CharacterCustomize\Blizzard_CharacterCustomize.lua,1277
3962,CharCustomizeMixin:AttachToParentFrame,parentFrame,Blizzard_CharacterCustomize\Blizzard_CharacterCustomize.lua,1300
3963,CharCustomizeMixin:SetOptionsSpacingConfiguration,"topFrame, bottomFrame",Blizzard_CharacterCustomize\Blizzard_CharacterCustomize.lua,1306
3964,CharCustomizeMixin:OnButtonClick,,Blizzard_CharacterCustomize\Blizzard_CharacterCustomize.lua,1311
3965,CharCustomizeMixin:SetCustomizationChoice,"optionID, choiceID",Blizzard_CharacterCustomize\Blizzard_CharacterCustomize.lua,1315
3966,CharCustomizeMixin:PreviewCustomizationChoice,"optionID, choiceID",Blizzard_CharacterCustomize\Blizzard_CharacterCustomize.lua,1319
3967,CharCustomizeMixin:ResetCustomizationPreview,clearSavedChoices,Blizzard_CharacterCustomize\Blizzard_CharacterCustomize.lua,1323
3968,CharCustomizeMixin:MarkCustomizationChoiceAsSeen,choiceID,Blizzard_CharacterCustomize\Blizzard_CharacterCustomize.lua,1327
3969,CharCustomizeMixin:MarkCustomizationOptionAsSeen,optionID,Blizzard_CharacterCustomize\Blizzard_CharacterCustomize.lua,1331
3970,CharCustomizeMixin:SaveSeenChoices,,Blizzard_CharacterCustomize\Blizzard_CharacterCustomize.lua,1335
3971,CharCustomizeMixin:Reset,,Blizzard_CharacterCustomize\Blizzard_CharacterCustomize.lua,1339
3972,CharCustomizeMixin:NeedsCategorySelected,,Blizzard_CharacterCustomize\Blizzard_CharacterCustomize.lua,1344
3973,CharCustomizeMixin:NeedsSubcategorySelected,,Blizzard_CharacterCustomize\Blizzard_CharacterCustomize.lua,1358
3983,CharCustomizeMixin:RefreshCustomizations,,Blizzard_CharacterCustomize\Blizzard_CharacterCustomize.lua,1456
3984,CharCustomizeMixin:GetFirstValidSubcategory,,Blizzard_CharacterCustomize\Blizzard_CharacterCustomize.lua,1463
3986,CharCustomizeMixin:GetCategory,categoryIndex,Blizzard_CharacterCustomize\Blizzard_CharacterCustomize.lua,1495
3987,CharCustomizeMixin:GetCategories,,Blizzard_CharacterCustomize\Blizzard_CharacterCustomize.lua,1499
3988,CharCustomizeMixin:SetCustomizations,categories,Blizzard_CharacterCustomize\Blizzard_CharacterCustomize.lua,1503
3989,CharCustomizeMixin:GetOptionPool,optionType,Blizzard_CharacterCustomize\Blizzard_CharacterCustomize.lua,1529
3991,CharCustomizeMixin:ReleaseNonDraggingSliders,,Blizzard_CharacterCustomize\Blizzard_CharacterCustomize.lua,1549
3992,CharCustomizeMixin:ReleaseClosedDropdowns,,Blizzard_CharacterCustomize\Blizzard_CharacterCustomize.lua,1570
3994,CharCustomizeMixin:GetBestCategoryData,,Blizzard_CharacterCustomize\Blizzard_CharacterCustomize.lua,1713
3996,CharCustomizeMixin:UpdateCameraDistanceOffset,,Blizzard_CharacterCustomize\Blizzard_CharacterCustomize.lua,1727
3997,CharCustomizeMixin:UpdateZoomButtonStates,,Blizzard_CharacterCustomize\Blizzard_CharacterCustomize.lua,1732
3998,CharCustomizeMixin:UpdateCameraMode,keepCustomZoom,Blizzard_CharacterCustomize\Blizzard_CharacterCustomize.lua,1751
4001,CharCustomizeMixin:HasSelectedSubcategory,,Blizzard_CharacterCustomize\Blizzard_CharacterCustomize.lua,1794
4002,CharCustomizeMixin:GetSelectedSubcategory,,Blizzard_CharacterCustomize\Blizzard_CharacterCustomize.lua,1798
4003,CharCustomizeMixin:IsSelectedSubcategory,subcategoryData,Blizzard_CharacterCustomize\Blizzard_CharacterCustomize.lua,1802
4004,CharCustomizeMixin:HasSelectedCategory,,Blizzard_CharacterCustomize\Blizzard_CharacterCustomize.lua,1810
4005,CharCustomizeMixin:GetSelectedCategory,,Blizzard_CharacterCustomize\Blizzard_CharacterCustomize.lua,1814
4007,CharCustomizeMixin:ResetCharacterRotation,,Blizzard_CharacterCustomize\Blizzard_CharacterCustomize.lua,1835
4008,CharCustomizeMixin:OnMouseWheel,delta,Blizzard_CharacterCustomize\Blizzard_CharacterCustomize.lua,1839
4009,CharCustomizeMixin:ZoomCamera,zoomAmount,Blizzard_CharacterCustomize\Blizzard_CharacterCustomize.lua,1843
4010,CharCustomizeMixin:RotateCharacter,rotationAmount,Blizzard_CharacterCustomize\Blizzard_CharacterCustomize.lua,1848
4011,CharCustomizeMixin:RandomizeAppearance,,Blizzard_CharacterCustomize\Blizzard_CharacterCustomize.lua,1852
4012,CharCustomizeMixin:ResetPreviewIfDirty,,Blizzard_CharacterCustomize\Blizzard_CharacterCustomize.lua,1856
4013,CharCustomizeMixin:PreviewChoice,"optionData, choiceData",Blizzard_CharacterCustomize\Blizzard_CharacterCustomize.lua,1863
4014,CharCustomizeMixin:OnUpdate,,Blizzard_CharacterCustomize\Blizzard_CharacterCustomize.lua,1875
4015,CharCustomizeMixin:AddMissingOptions,,Blizzard_CharacterCustomize\Blizzard_CharacterCustomize.lua,1879
4016,CharCustomizeMixin:AddMissingOption,"categoryIndex, optionIndex",Blizzard_CharacterCustomize\Blizzard_CharacterCustomize.lua,1891
4017,CharCustomizeMixin:GetMissingOptions,,Blizzard_CharacterCustomize\Blizzard_CharacterCustomize.lua,1899
4018,CharCustomizeMixin:HasMissingOptions,,Blizzard_CharacterCustomize\Blizzard_CharacterCustomize.lua,1903
4019,CharCustomizeMixin:GetNextMissingOption,,Blizzard_CharacterCustomize\Blizzard_CharacterCustomize.lua,1907
4020,CharCustomizeMixin:HighlightNextMissingOption,,Blizzard_CharacterCustomize\Blizzard_CharacterCustomize.lua,1915
4021,CharCustomizeMixin:DisableMissingOptionWarnings,,Blizzard_CharacterCustomize\Blizzard_CharacterCustomize.lua,1930
4022,CharCustomizeMixin:SetMissingOptionWarningEnabled,enabled,Blizzard_CharacterCustomize\Blizzard_CharacterCustomize.lua,1934
4023,CharCustomizeMixin:ToggleTooltipsExpanded,,Blizzard_CharacterCustomize\Blizzard_CharacterCustomize.lua,1938
4024,CharCustomizeMixin:GetTooltipsExpanded,,Blizzard_CharacterCustomize\Blizzard_CharacterCustomize.lua,1942
4928,MountJournal_SetPendingDragonMountChanges,isPending,Blizzard_Collections\Blizzard_MountCollection.lua,713
4929,MountJournal_GetPendingDragonMountChanges,,Blizzard_Collections\Blizzard_MountCollection.lua,717
4962,MountJournalDynamicFlightModeButtonMixin:SetFlyoutButton,flyoutButton,Blizzard_Collections\Blizzard_MountCollection.lua,1054
4966,MountJournalOpenDynamicFlightSkillTreeButtonMixin:SetFlyoutButton,flyoutButton,Blizzard_Collections\Blizzard_MountCollection.lua,1079
4970,MountJournalToggleDynamicFlightFlyoutButtonMixin:SetFlyout,flyout,Blizzard_Collections\Blizzard_MountCollection.lua,1105
4971,MountJournalToggleDynamicFlightFlyoutButtonMixin:ToggleFlyout,,Blizzard_Collections\Blizzard_MountCollection.lua,1113
4972,MountJournalToggleDynamicFlightFlyoutButtonMixin:CloseFlyout,,Blizzard_Collections\Blizzard_MountCollection.lua,1120
4976,MountJournalToggleDynamicFlightFlyoutButtonMixin:OnClick,,Blizzard_Collections\Blizzard_MountCollection.lua,1148
4977,MountJournalToggleDynamicFlightFlyoutButtonMixin:OnButtonStateChanged,,Blizzard_Collections\Blizzard_MountCollection.lua,1152
4978,MountJournalToggleDynamicFlightFlyoutButtonMixin:SetArrowPosition,"arrow, rotation, offset",Blizzard_Collections\Blizzard_MountCollection.lua,1156
4982,MountJournalToggleDynamicFlightFlyoutButtonMixin:UpdateArrow,,Blizzard_Collections\Blizzard_MountCollection.lua,1187
6287,CommunitiesGuildRewardsFrame_OnLoad,self,Blizzard_Communities\GuildRewards.lua,56
6288,CommunitiesGuildRewardsFrame_OnShow,self,Blizzard_Communities\GuildRewards.lua,67
6289,CommunitiesGuildRewardsFrame_OnEvent,"self, event",Blizzard_Communities\GuildRewards.lua,71
6290,CommunitiesGuildRewards_Update,self,Blizzard_Communities\GuildRewards.lua,75
6475,LeaveInstanceGroupButtonMixin:OnShow,,Blizzard_CompactRaidFrames\Blizzard_CompactRaidFrameManager.lua,1365
6556,ScoreStrings,"searchText, otherString",Blizzard_Console\Blizzard_Console_AutoComplete.lua,368
6557,BinaryInsert,"t, value",Blizzard_Console\Blizzard_Console_AutoComplete.lua,385
8092,EventTracePanelMixin:OnCloseClick,,Blizzard_EventTrace\Blizzard_EventTrace.lua,132
10146,QuestUtil.GetAvailableQuestIconAlpha,questID,Blizzard_FrameXMLUtil\Mainline\QuestUtils.lua,1077
11743,AccountLoginEditBoxBehaviorMixin:OnKeyDown,key,Blizzard_GlueXML\Mainline\AccountLogin.lua,9
12379,CharacterSelectListMixin:EvaluateIntroHelptip,,Blizzard_GlueXML\Mainline\CharacterSelect\CharacterSelectList.lua,466
12453,CharacterSelectListPaidServiceMixin:OnClick,,Blizzard_GlueXML\Mainline\CharacterSelect\CharacterSelectListElements.lua,944
12454,CharacterSelectListPaidServiceMixin:OnEnter,,Blizzard_GlueXML\Mainline\CharacterSelect\CharacterSelectListElements.lua,967
12455,CharacterSelectListPaidServiceMixin:OnLeave,,Blizzard_GlueXML\Mainline\CharacterSelect\CharacterSelectListElements.lua,973
13845,TryAppendAccountReputationLineToTooltip,"factionID, tooltip",Blizzard_MajorFactions\Blizzard_MajorFactionsLandingTemplates.lua,358
13847,MajorFactionButtonUnlockedStateMixin:AddRenownRewardsToTooltip,renownRewards,Blizzard_MajorFactions\Blizzard_MajorFactionsLandingTemplates.lua,389
13858,MajorFactionUnlockToasts.GetSwirlEffectsByTextureKit,textureKit,Blizzard_MajorFactions\Blizzard_MajorFactionToasts.lua,21
13864,MajorFactionCelebrationBannerMixin:GetFactionColorByTextureKit,textureKit,Blizzard_MajorFactions\Blizzard_MajorFactionToasts.lua,95
14201,MatchCelebrationMainButtonMixin:OnClick,,Blizzard_MatchCelebrationPartyPoseUI\Blizzard_MatchCelebrationPartyPoseUI.lua,56
21055,QuestOfferDataProviderMixin:CheckQuestIsRelatedToHub,"questID, questHubPin",Blizzard_SharedMapDataProviders\QuestOfferDataProvider.lua,271
21056,QuestOfferDataProviderMixin:RefreshRelatedQuests,questHubPin,Blizzard_SharedMapDataProviders\QuestOfferDataProvider.lua,284
21067,QuestOfferDataProviderMixin:OnCanvasScaleChanged,,Blizzard_SharedMapDataProviders\QuestOfferDataProvider.lua,384
21068,QuestOfferDataProviderMixin:CheckUpdateMaxZoom,,Blizzard_SharedMapDataProviders\QuestOfferDataProvider.lua,391
21069,QuestOfferDataProviderMixin:IsAtMaxZoom,,Blizzard_SharedMapDataProviders\QuestOfferDataProvider.lua,401
21070,QuestOfferDataProviderMixin:GetCurrentAnimProgress,,Blizzard_SharedMapDataProviders\QuestOfferDataProvider.lua,406
21071,QuestOfferDataProviderMixin:SetCurrentAnimProgress,progress,Blizzard_SharedMapDataProviders\QuestOfferDataProvider.lua,410
21072,QuestOfferDataProviderMixin:GetTargetAnimValue,,Blizzard_SharedMapDataProviders\QuestOfferDataProvider.lua,414
21073,QuestOfferDataProviderMixin:SetTargetAnimValue,targetValue,Blizzard_SharedMapDataProviders\QuestOfferDataProvider.lua,418
21074,QuestOfferDataProviderMixin:CalculateTargetAnimValue,,Blizzard_SharedMapDataProviders\QuestOfferDataProvider.lua,422
21077,QuestOfferDataProviderMixin:OnUpdate,,Blizzard_SharedMapDataProviders\QuestOfferDataProvider.lua,436
21078,QuestOfferDataProviderMixin:RunPinOnUpdate,,Blizzard_SharedMapDataProviders\QuestOfferDataProvider.lua,448
21084,QuestOfferPinMixin:SetLinkedHub,linkedHub,Blizzard_SharedMapDataProviders\QuestOfferDataProvider.lua,515
21085,QuestOfferPinMixin:GetLinkedHub,,Blizzard_SharedMapDataProviders\QuestOfferDataProvider.lua,519
21086,QuestOfferPinMixin:CheckCreateAnimationData,,Blizzard_SharedMapDataProviders\QuestOfferDataProvider.lua,523
21087,QuestOfferPinMixin:GetAnimatedPosition,progress,Blizzard_SharedMapDataProviders\QuestOfferDataProvider.lua,537
21088,QuestOfferPinMixin:GetAnimationProgress,,Blizzard_SharedMapDataProviders\QuestOfferDataProvider.lua,546
21089,QuestOfferPinMixin:ApplyAnimation,,Blizzard_SharedMapDataProviders\QuestOfferDataProvider.lua,560
21095,QuestHubPinMixin:GetAnimationProgress,,Blizzard_SharedMapDataProviders\QuestOfferDataProvider.lua,599
21096,QuestHubPinMixin:ApplyAnimation,,Blizzard_SharedMapDataProviders\QuestOfferDataProvider.lua,607
21099,SortConsolidatedQuestsComparator,"questOffer1, questOffer2",Blizzard_SharedMapDataProviders\QuestOfferDataProvider.lua,619
21100,QuestHubPinMixin:ConsolidateRelatedQuests,,Blizzard_SharedMapDataProviders\QuestOfferDataProvider.lua,645
21106,QuestHubPinMixin:AddRelatedQuestsToTooltip,tooltip,Blizzard_SharedMapDataProviders\QuestOfferDataProvider.lua,683
22139,GetScrollingMessageFrame,,Blizzard_SharedXML\Dump.lua,67
23013,IsErrorCVarEnabled,errorTypeCVar,Blizzard_SharedXML\SharedBasicControls.lua,357
23014,DisplayMessageInternal,"errorTypeCVar, warnType, msg, messageType",Blizzard_SharedXML\SharedBasicControls.lua,361
23072,SpaceToFitDirectionalLayoutMixin:GetChildSize,child,Blizzard_SharedXML\SpaceToFitLayoutFrame.lua,21
23078,SpaceToFitVerticalLayoutMixin:GetChildSize,child,Blizzard_SharedXML\SpaceToFitLayoutFrame.lua,89
23083,SpaceToFitHorizontalLayoutMixin:GetChildSize,child,Blizzard_SharedXML\SpaceToFitLayoutFrame.lua,119
28042,MapLegendMixin:OnBackClicked,,Blizzard_UIPanels_Game\Mainline\MapLegendFrame.lua,93
28255,QuestInfo_ShowAccountCompletedNotice,,Blizzard_UIPanels_Game\Mainline\QuestInfo.lua,384
28316,QuestLogMixin:ShowMapLegend,,Blizzard_UIPanels_Game\Mainline\QuestMapFrame.lua,255
28317,QuestLogMixin:HideMapLegend,,Blizzard_UIPanels_Game\Mainline\QuestMapFrame.lua,262
28384,QuestMapFrame_PingQuestID,questID,Blizzard_UIPanels_Game\Mainline\QuestMapFrame.lua,1080
28499,AddRenownRewardsToTooltip,renownRewards,Blizzard_UIPanels_Game\Mainline\ReputationFrame.lua,385
28779,WorldMapPing_StartPingQuest,questID,Blizzard_UIPanels_Game\Mainline\WorldMapFrame.lua,186
28780,WorldMapPing_StartPingPOI,poiFrame,Blizzard_UIPanels_Game\Mainline\WorldMapFrame.lua,190
28781,WorldMapPing_StopPing,frame,Blizzard_UIPanels_Game\Mainline\WorldMapFrame.lua,194
28782,WorldMapPing_UpdatePing,"frame, contextData",Blizzard_UIPanels_Game\Mainline\WorldMapFrame.lua,198
29036,GetBindingFromClick,input,Blizzard_UIParent\Mainline\UIParent.lua,3033
29406,IsJailersTowerTextureKit,textureKit,Blizzard_UIWidgets\Mainline\Blizzard_UIWidgetTemplateStatusBar.lua,43
29407,IsPlunderstormStormBarTextureKit,textureKit,Blizzard_UIWidgets\Mainline\Blizzard_UIWidgetTemplateStatusBar.lua,47
29630,PartyBuffFrameMixin:Setup,"unit, index",Blizzard_UnitFrame\PartyMemberFrame.lua,796
29631,PartyBuffFrameMixin:OnUpdate,,Blizzard_UnitFrame\PartyMemberFrame.lua,801
29632,PartyBuffFrameMixin:OnEnter,,Blizzard_UnitFrame\PartyMemberFrame.lua,807
29633,PartyBuffFrameMixin:OnLeave,,Blizzard_UnitFrame\PartyMemberFrame.lua,812
29634,PartyDebuffFrameMixin:Setup,"unit, index",Blizzard_UnitFrame\PartyMemberFrame.lua,817
29635,PartyDebuffFrameMixin:OnUpdate,,Blizzard_UnitFrame\PartyMemberFrame.lua,822
29636,PartyDebuffFrameMixin:OnEnter,,Blizzard_UnitFrame\PartyMemberFrame.lua,832
29637,PartyDebuffFrameMixin:OnLeave,,Blizzard_UnitFrame\PartyMemberFrame.lua,841
30145,UnitPopupTeamPromoteButtonMixin:GetText,contextData,Blizzard_UnitPopup\Cataclysm\UnitPopupButtons.lua,3
30146,UnitPopupTeamPromoteButtonMixin:GetInteractDistance,,Blizzard_UnitPopup\Cataclysm\UnitPopupButtons.lua,7
30147,UnitPopupTeamPromoteButtonMixin:CanShow,contextData,Blizzard_UnitPopup\Cataclysm\UnitPopupButtons.lua,11
30148,UnitPopupTeamPromoteButtonMixin:OnClick,contextData,Blizzard_UnitPopup\Cataclysm\UnitPopupButtons.lua,23
30149,UnitPopupTeamKickButtonMixin:GetText,contextData,Blizzard_UnitPopup\Cataclysm\UnitPopupButtons.lua,36
30150,UnitPopupTeamKickButtonMixin:GetInteractDistance,,Blizzard_UnitPopup\Cataclysm\UnitPopupButtons.lua,40
30151,UnitPopupTeamKickButtonMixin:CanShow,contextData,Blizzard_UnitPopup\Cataclysm\UnitPopupButtons.lua,44
30152,UnitPopupTeamKickButtonMixin:OnClick,contextData,Blizzard_UnitPopup\Cataclysm\UnitPopupButtons.lua,56
30153,UnitPopupTeamLeaveButtonMixin:GetText,contextData,Blizzard_UnitPopup\Cataclysm\UnitPopupButtons.lua,69
30154,UnitPopupTeamLeaveButtonMixin:GetInteractDistance,,Blizzard_UnitPopup\Cataclysm\UnitPopupButtons.lua,73
30155,UnitPopupTeamLeaveButtonMixin:CanShow,contextData,Blizzard_UnitPopup\Cataclysm\UnitPopupButtons.lua,77
30156,UnitPopupTeamLeaveButtonMixin:OnClick,contextData,Blizzard_UnitPopup\Cataclysm\UnitPopupButtons.lua,85
30157,UnitPopupTeamDisbandButtonMixin:GetText,contextData,Blizzard_UnitPopup\Cataclysm\UnitPopupButtons.lua,96
30158,UnitPopupTeamDisbandButtonMixin:GetInteractDistance,,Blizzard_UnitPopup\Cataclysm\UnitPopupButtons.lua,100
30159,UnitPopupTeamDisbandButtonMixin:CanShow,contextData,Blizzard_UnitPopup\Cataclysm\UnitPopupButtons.lua,104
30160,UnitPopupTeamDisbandButtonMixin:OnClick,contextData,Blizzard_UnitPopup\Cataclysm\UnitPopupButtons.lua,118
30161,UnitPopupLootThresholdButtonMixin:GetColor,,Blizzard_UnitPopup\Cataclysm\UnitPopupButtons.lua,127
30165,UnitPopupRaidDifficultyButtonMixin:CanShow,contextData,Blizzard_UnitPopup\Cataclysm\UnitPopupButtons.lua,150
30172,UnitPopupRaidDifficulty4ButtonMixin:GetText,contextData,Blizzard_UnitPopup\Cataclysm\UnitPopupButtons.lua,185
30173,UnitPopupRaidDifficulty4ButtonMixin:GetDifficultyID,,Blizzard_UnitPopup\Cataclysm\UnitPopupButtons.lua,189
30175,UnitPopupDungeonDifficultyButtonMixin:CanShow,contextData,Blizzard_UnitPopup\Cataclysm\UnitPopupButtons.lua,240
30999,WorldMapMixin:PingQuestID,questID,Blizzard_WorldMap\Blizzard_WorldMap.lua,529
31038,WorldMapShowLegendButtonMixin:OnLoad,,Blizzard_WorldMap\Blizzard_WorldMapTemplates.lua,415
31039,WorldMapShowLegendButtonMixin:OnShow,,Blizzard_WorldMap\Blizzard_WorldMapTemplates.lua,420
31040,WorldMapShowLegendButtonMixin:OnHide,,Blizzard_WorldMap\Blizzard_WorldMapTemplates.lua,428
31041,WorldMapShowLegendButtonMixin:OnMouseDown,button,Blizzard_WorldMap\Blizzard_WorldMapTemplates.lua,434
31042,WorldMapShowLegendButtonMixin:OnMouseUp,,Blizzard_WorldMap\Blizzard_WorldMapTemplates.lua,441
31043,WorldMapShowLegendButtonMixin:OnClick,,Blizzard_WorldMap\Blizzard_WorldMapTemplates.lua,446
31044,WorldMapShowLegendButtonMixin:OnEnter,,Blizzard_WorldMap\Blizzard_WorldMapTemplates.lua,464
31045,WorldMapShowLegendButtonMixin:Refresh,,Blizzard_WorldMap\Blizzard_WorldMapTemplates.lua,470
31046,WorldMapShowLegendButtonMixin:SetActive,isActive,Blizzard_WorldMap\Blizzard_WorldMapTemplates.lua,476
